event_id	event_name	time	actual_value	forecast_value	previous_value	revised_previous	importance	country_code	currency_code
250500001	S&P Global Manufacturing PMI	2020.01.02 11:50:00	50.4	50.3	50.3	nan	2	FR	EUR
250010003	HICP m/m	2020.01.03 10:45:00	0.5	-0.3	0.1	nan	2	FR	EUR
250010001	CPI m/m	2020.01.03 10:45:00	0.4	0.0	0.1	nan	2	FR	EUR
250500002	S&P Global Services PMI	2020.01.06 11:50:00	52.4	52.4	52.4	nan	2	FR	EUR
250010003	HICP m/m	2020.01.15 10:45:00	0.5	0.5	0.5	nan	2	FR	EUR
250010001	CPI m/m	2020.01.15 10:45:00	0.4	0.4	0.4	nan	2	FR	EUR
250500001	S&P Global Manufacturing PMI	2020.01.24 11:15:00	51.0	49.7	50.4	nan	2	FR	EUR
250500002	S&P Global Services PMI	2020.01.24 11:15:00	51.7	52.1	52.4	nan	2	FR	EUR
250040001	Jobseekers Total	2020.01.27 14:00:00	3292.9	3321.0	3302.9	nan	2	FR	EUR
250010006	GDP y/y	2020.01.31 09:30:00	0.8	1.4	1.4	nan	2	FR	EUR
250010005	GDP q/q	2020.01.31 09:30:00	-0.1	0.3	0.3	nan	2	FR	EUR
250010008	Consumer Spending m/m	2020.01.31 10:45:00	-0.3	-0.7	0.1	0.7	2	FR	EUR
250010003	HICP m/m	2020.01.31 10:45:00	-0.5	0.1	0.5	nan	2	FR	EUR
250010001	CPI m/m	2020.01.31 10:45:00	-0.4	0.0	0.4	nan	2	FR	EUR
250500001	S&P Global Manufacturing PMI	2020.02.03 11:50:00	51.1	51.0	51.0	nan	2	FR	EUR
250500002	S&P Global Services PMI	2020.02.05 11:50:00	51.0	51.7	51.7	nan	2	FR	EUR
250010003	HICP m/m	2020.02.20 10:45:00	-0.5	-0.5	-0.5	nan	2	FR	EUR
250010001	CPI m/m	2020.02.20 10:45:00	-0.4	-0.4	-0.4	nan	2	FR	EUR
250500001	S&P Global Manufacturing PMI	2020.02.21 11:15:00	49.7	51.9	51.1	nan	2	FR	EUR
250500002	S&P Global Services PMI	2020.02.21 11:15:00	52.6	50.8	51.0	nan	2	FR	EUR
250040001	Jobseekers Total	2020.02.26 14:00:00	3264.8	3307.5	3292.9	nan	2	FR	EUR
250010006	GDP y/y	2020.02.28 10:45:00	0.9	0.8	0.8	nan	2	FR	EUR
250010005	GDP q/q	2020.02.28 10:45:00	-0.1	-0.1	-0.1	nan	2	FR	EUR
250010008	Consumer Spending m/m	2020.02.28 10:45:00	-1.1	0.3	-0.3	nan	2	FR	EUR
250010003	HICP m/m	2020.02.28 10:45:00	0.0	0.0	-0.5	nan	2	FR	EUR
250010001	CPI m/m	2020.02.28 10:45:00	0.0	0.0	-0.4	nan	2	FR	EUR
250500001	S&P Global Manufacturing PMI	2020.03.02 11:50:00	49.8	49.7	49.7	nan	2	FR	EUR
250500002	S&P Global Services PMI	2020.03.04 11:50:00	52.5	52.6	52.6	nan	2	FR	EUR
250010003	HICP m/m	2020.03.13 10:45:00	0.0	0.0	0.0	nan	2	FR	EUR
250010001	CPI m/m	2020.03.13 10:45:00	0.0	0.0	0.0	nan	2	FR	EUR
250500001	S&P Global Manufacturing PMI	2020.03.24 11:15:00	42.9	49.1	49.8	nan	2	FR	EUR
250500002	S&P Global Services PMI	2020.03.24 11:15:00	29.0	52.6	52.5	nan	2	FR	EUR
250040001	Jobseekers Total	2020.03.25 14:00:00	3233.8	3289.4	3264.8	nan	2	FR	EUR
250010008	Consumer Spending m/m	2020.03.31 09:45:00	-0.1	2.4	-1.1	-1.2	2	FR	EUR
250010003	HICP m/m	2020.03.31 09:45:00	0.0	-0.1	0.0	nan	2	FR	EUR
250010001	CPI m/m	2020.03.31 09:45:00	0.0	0.0	0.0	nan	2	FR	EUR
250500001	S&P Global Manufacturing PMI	2020.04.01 10:50:00	43.2	42.9	42.9	nan	2	FR	EUR
250500002	S&P Global Services PMI	2020.04.03 10:50:00	27.4	29.0	29.0	nan	2	FR	EUR
250010003	HICP m/m	2020.04.15 09:45:00	0.1	0.0	0.0	nan	2	FR	EUR
250010001	CPI m/m	2020.04.15 09:45:00	0.1	0.0	0.0	nan	2	FR	EUR
250500001	S&P Global Manufacturing PMI	2020.04.23 10:15:00	31.5	42.2	43.2	nan	2	FR	EUR
250500002	S&P Global Services PMI	2020.04.23 10:15:00	10.4	28.1	27.4	nan	2	FR	EUR
250040001	Jobseekers Total	2020.04.27 13:00:00	3488.6	3268.1	3233.8	3245.6	2	FR	EUR
250010006	GDP y/y	2020.04.30 08:30:00	-5.4	0.1	0.9	nan	2	FR	EUR
250010005	GDP q/q	2020.04.30 08:30:00	-5.8	-0.2	-0.1	nan	2	FR	EUR
250010008	Consumer Spending m/m	2020.04.30 09:45:00	-17.9	1.4	-0.1	-0.5	2	FR	EUR
250010003	HICP m/m	2020.04.30 09:45:00	0.1	0.0	0.1	nan	2	FR	EUR
250010001	CPI m/m	2020.04.30 09:45:00	0.1	0.0	0.1	nan	2	FR	EUR
250500001	S&P Global Manufacturing PMI	2020.05.04 10:50:00	31.5	31.5	31.5	nan	2	FR	EUR
250500002	S&P Global Services PMI	2020.05.06 10:50:00	10.2	10.4	10.4	nan	2	FR	EUR
250010003	HICP m/m	2020.05.15 09:45:00	0.0	0.1	0.1	nan	2	FR	EUR
250010001	CPI m/m	2020.05.15 09:45:00	0.0	0.1	0.1	nan	2	FR	EUR
250500001	S&P Global Manufacturing PMI	2020.05.21 10:15:00	40.3	34.7	31.5	nan	2	FR	EUR
250500002	S&P Global Services PMI	2020.05.21 10:15:00	29.4	10.3	10.2	nan	2	FR	EUR
250040001	Jobseekers Total	2020.05.28 13:00:00	4315.7	3405.1	3488.6	nan	2	FR	EUR
250010006	GDP y/y	2020.05.29 09:45:00	-5.0	-5.4	-5.4	nan	2	FR	EUR
250010005	GDP q/q	2020.05.29 09:45:00	-5.3	-5.8	-5.8	nan	2	FR	EUR
250010008	Consumer Spending m/m	2020.05.29 09:45:00	-20.2	-15.0	-17.9	-16.9	2	FR	EUR
250010003	HICP m/m	2020.05.29 09:45:00	0.0	0.0	0.0	nan	2	FR	EUR
250010001	CPI m/m	2020.05.29 09:45:00	0.0	0.0	0.0	nan	2	FR	EUR
250500001	S&P Global Manufacturing PMI	2020.06.01 10:50:00	40.6	40.3	40.3	nan	2	FR	EUR
250500002	S&P Global Services PMI	2020.06.03 10:50:00	31.1	29.4	29.4	nan	2	FR	EUR
250010003	HICP m/m	2020.06.12 09:45:00	0.2	0.0	0.0	nan	2	FR	EUR
250010001	CPI m/m	2020.06.12 09:45:00	0.1	0.0	0.0	nan	2	FR	EUR
250500001	S&P Global Manufacturing PMI	2020.06.23 10:15:00	52.1	48.3	40.6	nan	2	FR	EUR
250500002	S&P Global Services PMI	2020.06.23 10:15:00	50.3	30.2	31.1	nan	2	FR	EUR
250040001	Jobseekers Total	2020.06.25 13:00:00	4167.4	7025.2	4315.7	nan	2	FR	EUR
250010008	Consumer Spending m/m	2020.06.30 09:45:00	36.6	9.0	-20.2	-19.1	2	FR	EUR
250010003	HICP m/m	2020.06.30 09:45:00	-0.1	0.0	0.2	nan	2	FR	EUR
250010001	CPI m/m	2020.06.30 09:45:00	-0.1	0.0	0.1	nan	2	FR	EUR
250500001	S&P Global Manufacturing PMI	2020.07.01 10:50:00	52.3	52.1	52.1	nan	2	FR	EUR
250500002	S&P Global Services PMI	2020.07.03 10:50:00	50.7	50.3	50.3	nan	2	FR	EUR
250010003	HICP m/m	2020.07.16 09:45:00	0.1	-0.1	-0.1	nan	2	FR	EUR
250010001	CPI m/m	2020.07.16 09:45:00	0.1	-0.1	-0.1	nan	2	FR	EUR
250500001	S&P Global Manufacturing PMI	2020.07.24 10:15:00	52.0	52.2	52.3	nan	2	FR	EUR
250500002	S&P Global Services PMI	2020.07.24 10:15:00	57.8	50.5	50.7	nan	2	FR	EUR
250040001	Jobseekers Total	2020.07.27 13:00:00	3964.7	4133.3	4167.4	nan	2	FR	EUR
250010006	GDP y/y	2020.07.31 08:30:00	-19.0	-5.5	-5.0	-5.7	2	FR	EUR
250010005	GDP q/q	2020.07.31 08:30:00	-13.8	-5.6	-5.3	-5.9	2	FR	EUR
250010008	Consumer Spending m/m	2020.07.31 09:45:00	9.0	38.2	36.6	37.4	2	FR	EUR
250010003	HICP m/m	2020.07.31 09:45:00	0.4	0.0	0.1	nan	2	FR	EUR
250010001	CPI m/m	2020.07.31 09:45:00	0.4	0.1	0.1	nan	2	FR	EUR
250500001	S&P Global Manufacturing PMI	2020.08.03 10:50:00	52.4	52.0	52.0	nan	2	FR	EUR
250500002	S&P Global Services PMI	2020.08.05 10:50:00	57.3	57.8	57.8	nan	2	FR	EUR
250010003	HICP m/m	2020.08.14 09:45:00	0.4	0.4	0.4	nan	2	FR	EUR
250010001	CPI m/m	2020.08.14 09:45:00	0.4	0.4	0.4	nan	2	FR	EUR
250500001	S&P Global Manufacturing PMI	2020.08.21 10:15:00	49.0	52.2	52.4	nan	2	FR	EUR
250500002	S&P Global Services PMI	2020.08.21 10:15:00	51.9	57.6	57.3	nan	2	FR	EUR
250040001	Jobseekers Total	2020.08.26 13:00:00	3792.5	4082.5	3964.7	nan	2	FR	EUR
250010006	GDP y/y	2020.08.28 09:45:00	-18.9	-19.0	-19.0	nan	2	FR	EUR
250010005	GDP q/q	2020.08.28 09:45:00	-13.8	-13.8	-13.8	nan	2	FR	EUR
250010008	Consumer Spending m/m	2020.08.28 09:45:00	0.5	3.4	9.0	10.3	2	FR	EUR
250010003	HICP m/m	2020.08.28 09:45:00	-0.1	0.1	0.4	nan	2	FR	EUR
250010001	CPI m/m	2020.08.28 09:45:00	-0.1	0.1	0.4	nan	2	FR	EUR
250500001	S&P Global Manufacturing PMI	2020.09.01 10:50:00	49.8	49.0	49.0	nan	2	FR	EUR
250500002	S&P Global Services PMI	2020.09.03 10:50:00	51.5	51.9	51.9	nan	2	FR	EUR
250010003	HICP m/m	2020.09.15 09:45:00	-0.1	-0.1	-0.1	nan	2	FR	EUR
250010001	CPI m/m	2020.09.15 09:45:00	-0.1	-0.1	-0.1	nan	2	FR	EUR
250500001	S&P Global Manufacturing PMI	2020.09.23 10:15:00	50.9	49.4	49.8	nan	2	FR	EUR
250500002	S&P Global Services PMI	2020.09.23 10:15:00	47.5	51.7	51.5	nan	2	FR	EUR
250040001	Jobseekers Total	2020.09.25 13:00:00	3621.5	3890.4	3792.5	nan	2	FR	EUR
250010008	Consumer Spending m/m	2020.09.30 09:45:00	2.3	1.5	0.5	-0.9	2	FR	EUR
250010003	HICP m/m	2020.09.30 09:45:00	-0.6	-0.1	-0.1	nan	2	FR	EUR
250010001	CPI m/m	2020.09.30 09:45:00	-0.5	0.1	-0.1	nan	2	FR	EUR
250500001	S&P Global Manufacturing PMI	2020.10.01 10:50:00	51.2	50.9	50.9	nan	2	FR	EUR
250500002	S&P Global Services PMI	2020.10.05 10:50:00	47.5	47.5	47.5	nan	2	FR	EUR
250010003	HICP m/m	2020.10.15 09:45:00	-0.6	-0.6	-0.6	nan	2	FR	EUR
250010001	CPI m/m	2020.10.15 09:45:00	-0.5	-0.5	-0.5	nan	2	FR	EUR
250500001	S&P Global Manufacturing PMI	2020.10.23 10:15:00	51.0	51.1	51.2	nan	2	FR	EUR
250500002	S&P Global Services PMI	2020.10.23 10:15:00	46.5	47.5	47.5	nan	2	FR	EUR
250040001	Jobseekers Total	2020.10.27 14:00:00	3606.3	3714.8	3621.5	nan	2	FR	EUR
250010006	GDP y/y	2020.10.30 09:30:00	-4.3	-23.0	-18.9	nan	2	FR	EUR
250010005	GDP q/q	2020.10.30 09:30:00	18.2	-16.1	-13.8	-13.7	2	FR	EUR
250010008	Consumer Spending m/m	2020.10.30 09:30:00	-5.1	0.0	2.3	2.2	2	FR	EUR
250010003	HICP m/m	2020.10.30 10:45:00	-0.1	-0.2	-0.6	nan	2	FR	EUR
250010001	CPI m/m	2020.10.30 10:45:00	-0.1	0.1	-0.5	nan	2	FR	EUR
250500001	S&P Global Manufacturing PMI	2020.11.02 11:50:00	51.3	51.0	51.0	nan	2	FR	EUR
250500002	S&P Global Services PMI	2020.11.04 11:50:00	46.5	46.5	46.5	nan	2	FR	EUR
250010001	CPI m/m	2020.11.13 10:45:00	0.0	-0.1	-0.1	nan	2	FR	EUR
250010003	HICP m/m	2020.11.13 10:45:00	0.0	-0.1	-0.1	nan	2	FR	EUR
250500001	S&P Global Manufacturing PMI	2020.11.23 11:15:00	49.1	51.2	51.3	nan	2	FR	EUR
250500002	S&P Global Services PMI	2020.11.23 11:15:00	38.0	46.5	46.5	nan	2	FR	EUR
250040001	Jobseekers Total	2020.11.25 14:00:00	3549.7	3621.2	3606.3	nan	2	FR	EUR
250010001	CPI m/m	2020.11.27 10:45:00	0.2	0.0	0.0	nan	2	FR	EUR
250010003	HICP m/m	2020.11.27 10:45:00	0.2	0.0	0.0	nan	2	FR	EUR
250010005	GDP q/q	2020.11.27 10:45:00	18.7	18.2	18.2	nan	2	FR	EUR
250010006	GDP y/y	2020.11.27 10:45:00	-3.9	-4.3	-4.3	nan	2	FR	EUR
250010008	Consumer Spending m/m	2020.11.27 10:45:00	3.7	0.2	-5.1	-4.4	2	FR	EUR
250500001	S&P Global Manufacturing PMI	2020.12.01 11:50:00	49.6	49.1	49.1	nan	2	FR	EUR
250500002	S&P Global Services PMI	2020.12.03 11:50:00	38.8	38.0	38.0	nan	2	FR	EUR
250010001	CPI m/m	2020.12.15 10:45:00	0.2	0.2	0.2	nan	2	FR	EUR
250010003	HICP m/m	2020.12.15 10:45:00	0.2	0.2	0.2	nan	2	FR	EUR
250500001	S&P Global Manufacturing PMI	2020.12.16 11:15:00	51.1	49.4	49.6	nan	2	FR	EUR
250500002	S&P Global Services PMI	2020.12.16 11:15:00	49.2	38.3	38.8	nan	2	FR	EUR
250040001	Jobseekers Total	2020.12.28 14:00:00	3586.3	3584.2	3549.7	nan	2	FR	EUR
250500001	S&P Global Manufacturing PMI	2021.01.04 11:50:00	51.1	51.1	51.1	nan	2	FR	EUR
250010001	CPI m/m	2021.01.06 10:45:00	0.2	0.0	0.2	nan	2	FR	EUR
250010003	HICP m/m	2021.01.06 10:45:00	0.2	-0.2	0.2	nan	2	FR	EUR
250500002	S&P Global Services PMI	2021.01.06 11:50:00	49.1	49.2	49.2	nan	2	FR	EUR
250010008	Consumer Spending m/m	2021.01.08 10:45:00	-18.9	0.5	3.7	3.9	2	FR	EUR
250010001	CPI m/m	2021.01.15 10:45:00	0.2	0.2	0.2	nan	2	FR	EUR
250010003	HICP m/m	2021.01.15 10:45:00	0.2	0.2	0.2	nan	2	FR	EUR
250500001	S&P Global Manufacturing PMI	2021.01.22 11:15:00	51.5	51.2	51.1	nan	2	FR	EUR
250500002	S&P Global Services PMI	2021.01.22 11:15:00	46.5	49.2	49.1	nan	2	FR	EUR
250040001	Jobseekers Total	2021.01.27 14:00:00	3586.8	3574.7	3586.3	nan	2	FR	EUR
250010005	GDP q/q	2021.01.29 09:30:00	-1.3	18.4	18.7	18.5	2	FR	EUR
250010006	GDP y/y	2021.01.29 09:30:00	-5.0	4.6	-3.9	nan	2	FR	EUR
250010008	Consumer Spending m/m	2021.01.29 09:30:00	23.0	0.6	-18.9	-18.0	2	FR	EUR
250500001	S&P Global Manufacturing PMI	2021.02.01 11:50:00	51.6	51.5	51.5	nan	2	FR	EUR
250010001	CPI m/m	2021.02.02 10:45:00	0.2	0.0	0.2	nan	2	FR	EUR
250010003	HICP m/m	2021.02.02 10:45:00	0.3	0.0	0.2	nan	2	FR	EUR
250500002	S&P Global Services PMI	2021.02.03 11:50:00	47.3	46.5	46.5	nan	2	FR	EUR
250010001	CPI m/m	2021.02.19 10:45:00	0.2	0.2	0.2	nan	2	FR	EUR
250010003	HICP m/m	2021.02.19 10:45:00	0.3	0.3	0.3	nan	2	FR	EUR
250500001	S&P Global Manufacturing PMI	2021.02.19 11:15:00	55.0	51.6	51.6	nan	2	FR	EUR
250500002	S&P Global Services PMI	2021.02.19 11:15:00	43.6	46.9	47.3	nan	2	FR	EUR
250040001	Jobseekers Total	2021.02.25 14:00:00	3553.7	3593.2	3586.8	nan	2	FR	EUR
250010005	GDP q/q	2021.02.26 10:45:00	-1.4	-1.3	-1.3	nan	2	FR	EUR
250010006	GDP y/y	2021.02.26 10:45:00	-4.9	-5.0	-5.0	nan	2	FR	EUR
250010008	Consumer Spending m/m	2021.02.26 10:45:00	-4.6	-4.5	23.0	22.4	2	FR	EUR
250010001	CPI m/m	2021.02.26 10:45:00	-0.1	0.1	0.2	nan	2	FR	EUR
250010003	HICP m/m	2021.02.26 10:45:00	0.0	0.0	0.3	nan	2	FR	EUR
250500001	S&P Global Manufacturing PMI	2021.03.01 11:50:00	56.1	55.0	55.0	nan	2	FR	EUR
250500002	S&P Global Services PMI	2021.03.03 11:50:00	45.6	43.6	43.6	nan	2	FR	EUR
250010001	CPI m/m	2021.03.16 10:45:00	0.0	-0.1	-0.1	nan	2	FR	EUR
250010003	HICP m/m	2021.03.16 10:45:00	0.0	0.0	0.0	nan	2	FR	EUR
250500001	S&P Global Manufacturing PMI	2021.03.24 11:15:00	58.8	55.6	56.1	nan	2	FR	EUR
250500002	S&P Global Services PMI	2021.03.24 11:15:00	47.8	44.6	45.6	nan	2	FR	EUR
250040001	Jobseekers Total	2021.03.25 14:00:00	3576.6	nan	3553.7	3553.7	2	FR	EUR
250010001	CPI m/m	2021.03.31 09:45:00	0.6	0.1	0.0	nan	2	FR	EUR
250010003	HICP m/m	2021.03.31 09:45:00	0.7	0.0	0.0	nan	2	FR	EUR
250010008	Consumer Spending m/m	2021.03.31 09:45:00	0.0	9.5	-4.6	-4.9	2	FR	EUR
250500001	S&P Global Manufacturing PMI	2021.04.01 10:50:00	59.3	58.8	58.8	nan	2	FR	EUR
250500002	S&P Global Services PMI	2021.04.07 10:50:00	48.2	47.8	47.8	nan	2	FR	EUR
250010001	CPI m/m	2021.04.15 09:45:00	0.6	0.6	0.6	nan	2	FR	EUR
250010003	HICP m/m	2021.04.15 09:45:00	0.7	0.7	0.7	nan	2	FR	EUR
250500001	S&P Global Manufacturing PMI	2021.04.23 10:15:00	59.2	59.2	59.3	nan	2	FR	EUR
250500002	S&P Global Services PMI	2021.04.23 10:15:00	50.4	48.0	48.2	nan	2	FR	EUR
250040001	Jobseekers Total	2021.04.27 13:00:00	3557.9	3576.3	3576.6	3574.7	2	FR	EUR
250010005	GDP q/q	2021.04.30 08:30:00	0.4	-9.7	-1.4	nan	2	FR	EUR
250010006	GDP y/y	2021.04.30 08:30:00	1.5	-8.4	-4.9	-4.8	2	FR	EUR
250010008	Consumer Spending m/m	2021.04.30 08:30:00	-1.1	-1.0	0.0	0.3	2	FR	EUR
250010001	CPI m/m	2021.04.30 09:45:00	0.2	0.1	0.6	nan	2	FR	EUR
250010003	HICP m/m	2021.04.30 09:45:00	0.3	0.1	0.7	nan	2	FR	EUR
250500001	S&P Global Manufacturing PMI	2021.05.03 10:50:00	58.9	59.2	59.2	nan	2	FR	EUR
250500002	S&P Global Services PMI	2021.05.05 10:50:00	50.3	50.4	50.4	nan	2	FR	EUR
250010001	CPI m/m	2021.05.12 09:45:00	0.1	0.2	0.2	nan	2	FR	EUR
250010003	HICP m/m	2021.05.12 09:45:00	0.2	0.3	0.3	nan	2	FR	EUR
250500001	S&P Global Manufacturing PMI	2021.05.21 10:15:00	59.2	59.2	58.9	nan	2	FR	EUR
250500002	S&P Global Services PMI	2021.05.21 10:15:00	56.6	50.4	50.3	nan	2	FR	EUR
250040001	Jobseekers Total	2021.05.25 14:00:00	3623.8	nan	3557.9	3557.9	2	FR	EUR
250010001	CPI m/m	2021.05.28 09:45:00	0.3	0.0	0.1	nan	2	FR	EUR
250010003	HICP m/m	2021.05.28 09:45:00	0.4	0.0	0.2	nan	2	FR	EUR
250010008	Consumer Spending m/m	2021.05.28 09:45:00	-8.3	-1.0	-1.1	-0.3	2	FR	EUR
250010005	GDP q/q	2021.05.28 09:45:00	-0.1	0.4	0.4	nan	2	FR	EUR
250010006	GDP y/y	2021.05.28 09:45:00	1.2	1.5	1.5	nan	2	FR	EUR
250500001	S&P Global Manufacturing PMI	2021.06.01 10:50:00	59.4	59.2	59.2	nan	2	FR	EUR
250500002	S&P Global Services PMI	2021.06.03 10:50:00	56.6	56.6	56.6	nan	2	FR	EUR
250010001	CPI m/m	2021.06.15 09:45:00	0.3	0.3	0.3	nan	2	FR	EUR
250010003	HICP m/m	2021.06.15 09:45:00	0.3	0.4	0.4	nan	2	FR	EUR
250500001	S&P Global Manufacturing PMI	2021.06.23 10:15:00	58.6	59.4	59.4	nan	2	FR	EUR
250500002	S&P Global Services PMI	2021.06.23 10:15:00	57.4	56.7	56.6	nan	2	FR	EUR
250040001	Jobseekers Total	2021.06.25 14:00:00	3490.1	nan	3623.8	3623.8	2	FR	EUR
250010001	CPI m/m	2021.06.30 09:45:00	0.2	0.2	0.3	nan	2	FR	EUR
250010003	HICP m/m	2021.06.30 09:45:00	0.2	-0.1	0.3	nan	2	FR	EUR
250010008	Consumer Spending m/m	2021.06.30 09:45:00	10.4	3.6	-8.3	-8.7	2	FR	EUR
250500001	S&P Global Manufacturing PMI	2021.07.01 10:50:00	59.0	58.6	58.6	nan	2	FR	EUR
250500002	S&P Global Services PMI	2021.07.05 10:50:00	57.8	57.4	57.4	nan	2	FR	EUR
250010001	CPI m/m	2021.07.13 09:45:00	0.1	0.2	0.2	nan	2	FR	EUR
250010003	HICP m/m	2021.07.13 09:45:00	0.2	0.2	0.2	nan	2	FR	EUR
250500001	S&P Global Manufacturing PMI	2021.07.23 10:15:00	58.1	58.9	59.0	nan	2	FR	EUR
250500002	S&P Global Services PMI	2021.07.23 10:15:00	57.0	57.7	57.8	nan	2	FR	EUR
250040001	Jobseekers Total	2021.07.27 13:00:00	3417.6	3561.8	3490.1	3490.1	2	FR	EUR
250010005	GDP q/q	2021.07.30 08:30:00	0.9	-0.4	-0.1	0.0	2	FR	EUR
250010006	GDP y/y	2021.07.30 08:30:00	18.7	-4.6	1.2	1.7	2	FR	EUR
250010008	Consumer Spending m/m	2021.07.30 08:30:00	0.3	-11.9	10.4	10.6	2	FR	EUR
250010001	CPI m/m	2021.07.30 09:45:00	0.1	0.3	0.1	nan	2	FR	EUR
250010003	HICP m/m	2021.07.30 09:45:00	0.1	0.2	0.2	nan	2	FR	EUR
250500001	S&P Global Manufacturing PMI	2021.08.02 10:50:00	58.0	58.1	58.1	nan	2	FR	EUR
250500002	S&P Global Services PMI	2021.08.04 10:50:00	56.8	57.0	57.0	nan	2	FR	EUR
250010001	CPI m/m	2021.08.13 09:45:00	0.1	0.1	0.1	nan	2	FR	EUR
250010003	HICP m/m	2021.08.13 09:45:00	0.1	0.1	0.1	nan	2	FR	EUR
250500001	S&P Global Manufacturing PMI	2021.08.23 10:15:00	57.3	58.2	58.0	nan	2	FR	EUR
250500002	S&P Global Services PMI	2021.08.23 10:15:00	56.4	57.0	56.8	nan	2	FR	EUR
250010001	CPI m/m	2021.08.31 09:45:00	0.6	0.3	0.1	nan	2	FR	EUR
250010003	HICP m/m	2021.08.31 09:45:00	0.7	0.2	0.1	nan	2	FR	EUR
250010005	GDP q/q	2021.08.31 09:45:00	1.1	0.9	0.9	nan	2	FR	EUR
250010006	GDP y/y	2021.08.31 09:45:00	18.7	18.7	18.7	nan	2	FR	EUR
250010008	Consumer Spending m/m	2021.08.31 09:45:00	-2.2	9.0	0.3	nan	2	FR	EUR
250500001	S&P Global Manufacturing PMI	2021.09.01 10:50:00	57.5	57.3	57.3	nan	2	FR	EUR
250500002	S&P Global Services PMI	2021.09.03 10:50:00	56.3	56.4	56.4	nan	2	FR	EUR
250010001	CPI m/m	2021.09.15 09:45:00	0.6	0.6	0.6	nan	2	FR	EUR
250010003	HICP m/m	2021.09.15 09:45:00	0.7	0.7	0.7	nan	2	FR	EUR
250500001	S&P Global Manufacturing PMI	2021.09.23 10:15:00	55.2	57.5	57.5	nan	2	FR	EUR
250500002	S&P Global Services PMI	2021.09.23 10:15:00	56.0	56.4	56.3	nan	2	FR	EUR
250010001	CPI m/m	2021.09.30 09:45:00	-0.2	0.3	0.6	nan	2	FR	EUR
250010003	HICP m/m	2021.09.30 09:45:00	-0.2	0.2	0.7	nan	2	FR	EUR
250010008	Consumer Spending m/m	2021.09.30 09:45:00	1.0	-5.8	-2.2	-2.4	2	FR	EUR
250500001	S&P Global Manufacturing PMI	2021.10.01 10:50:00	55.0	55.2	55.2	nan	2	FR	EUR
250500002	S&P Global Services PMI	2021.10.05 10:50:00	56.2	56.0	56.0	nan	2	FR	EUR
250010001	CPI m/m	2021.10.15 09:45:00	-0.2	-0.2	-0.2	nan	2	FR	EUR
250010003	HICP m/m	2021.10.15 09:45:00	-0.2	-0.2	-0.2	nan	2	FR	EUR
250500001	S&P Global Manufacturing PMI	2021.10.22 10:15:00	53.5	55.2	55.0	nan	2	FR	EUR
250500002	S&P Global Services PMI	2021.10.22 10:15:00	56.6	56.2	56.2	nan	2	FR	EUR
250040001	Jobseekers Total	2021.10.27 13:00:00	3253.7	3491.3	3417.6	3308.7	2	FR	EUR
250010005	GDP q/q	2021.10.29 08:30:00	3.0	-0.2	1.1	1.3	2	FR	EUR
250010006	GDP y/y	2021.10.29 08:30:00	3.3	18.3	18.7	18.8	2	FR	EUR
250010008	Consumer Spending m/m	2021.10.29 08:30:00	-0.2	3.2	1.0	0.7	2	FR	EUR
250010001	CPI m/m	2021.10.29 09:45:00	0.4	0.1	-0.2	nan	2	FR	EUR
250010003	HICP m/m	2021.10.29 09:45:00	0.5	0.1	-0.2	nan	2	FR	EUR
250500001	S&P Global Manufacturing PMI	2021.11.02 11:50:00	53.6	53.5	53.5	nan	2	FR	EUR
250500002	S&P Global Services PMI	2021.11.04 11:50:00	56.6	56.6	56.6	nan	2	FR	EUR
250010001	CPI m/m	2021.11.16 10:45:00	0.4	0.4	0.4	nan	2	FR	EUR
250010003	HICP m/m	2021.11.16 10:45:00	0.4	0.5	0.5	nan	2	FR	EUR
250500001	S&P Global Manufacturing PMI	2021.11.23 11:15:00	54.6	53.6	53.6	nan	2	FR	EUR
250500002	S&P Global Services PMI	2021.11.23 11:15:00	58.2	56.7	56.6	nan	2	FR	EUR
250010001	CPI m/m	2021.11.30 10:45:00	0.4	0.2	0.4	nan	2	FR	EUR
250010003	HICP m/m	2021.11.30 10:45:00	0.4	0.1	0.4	nan	2	FR	EUR
250010005	GDP q/q	2021.11.30 10:45:00	3.0	3.0	3.0	nan	2	FR	EUR
250010006	GDP y/y	2021.11.30 10:45:00	3.3	3.3	3.3	nan	2	FR	EUR
250010008	Consumer Spending m/m	2021.11.30 10:45:00	-0.4	-1.3	-0.2	0.2	2	FR	EUR
250500001	S&P Global Manufacturing PMI	2021.12.01 11:50:00	55.9	54.6	54.6	nan	2	FR	EUR
250500002	S&P Global Services PMI	2021.12.03 11:50:00	57.4	58.2	58.2	nan	2	FR	EUR
250010001	CPI m/m	2021.12.15 10:45:00	0.4	0.4	0.4	nan	2	FR	EUR
250010003	HICP m/m	2021.12.15 10:45:00	0.4	0.4	0.4	nan	2	FR	EUR
250500001	S&P Global Manufacturing PMI	2021.12.16 11:15:00	54.9	55.3	55.9	nan	2	FR	EUR
250500002	S&P Global Services PMI	2021.12.16 11:15:00	57.1	57.9	57.4	nan	2	FR	EUR
250040001	Jobseekers Total	2021.12.27 14:00:00	3087.8	nan	3253.7	3253.7	2	FR	EUR
250500001	S&P Global Manufacturing PMI	2022.01.03 11:50:00	55.6	54.9	54.9	nan	2	FR	EUR
250010001	CPI m/m	2022.01.04 10:45:00	0.2	0.1	0.4	nan	2	FR	EUR
250010003	HICP m/m	2022.01.04 10:45:00	0.2	0.1	0.4	nan	2	FR	EUR
250500002	S&P Global Services PMI	2022.01.05 11:50:00	57.0	57.1	57.1	nan	2	FR	EUR
250010008	Consumer Spending m/m	2022.01.07 10:45:00	0.8	-6.1	-0.4	-0.6	2	FR	EUR
250010001	CPI m/m	2022.01.14 10:45:00	0.2	0.2	0.2	nan	2	FR	EUR
250010003	HICP m/m	2022.01.14 10:45:00	0.2	0.2	0.2	nan	2	FR	EUR
250500001	S&P Global Manufacturing PMI	2022.01.24 11:15:00	55.5	55.3	55.6	nan	2	FR	EUR
250500002	S&P Global Services PMI	2022.01.24 11:15:00	53.1	57.1	57.0	nan	2	FR	EUR
250040001	Jobseekers Total	2022.01.26 14:00:00	3075.0	3336.7	3087.8	3087.8	2	FR	EUR
250010005	GDP q/q	2022.01.28 09:30:00	0.7	0.0	3.0	3.1	2	FR	EUR
250010006	GDP y/y	2022.01.28 09:30:00	5.4	8.5	3.3	3.5	2	FR	EUR
250010008	Consumer Spending m/m	2022.01.28 09:30:00	0.2	4.7	0.8	0.9	2	FR	EUR
250010001	CPI m/m	2022.02.01 10:45:00	0.3	0.5	0.2	nan	2	FR	EUR
250010003	HICP m/m	2022.02.01 10:45:00	0.1	0.3	0.2	nan	2	FR	EUR
250500001	S&P Global Manufacturing PMI	2022.02.01 11:50:00	55.5	55.5	55.5	nan	2	FR	EUR
250500002	S&P Global Services PMI	2022.02.03 11:50:00	53.1	53.1	53.1	nan	2	FR	EUR
250010001	CPI m/m	2022.02.18 10:45:00	0.3	0.3	0.3	nan	2	FR	EUR
250010003	HICP m/m	2022.02.18 10:45:00	0.2	0.1	0.1	nan	2	FR	EUR
250500001	S&P Global Manufacturing PMI	2022.02.21 11:15:00	57.6	55.6	55.5	nan	2	FR	EUR
250500002	S&P Global Services PMI	2022.02.21 11:15:00	57.9	53.1	53.1	nan	2	FR	EUR
250010001	CPI m/m	2022.02.25 10:45:00	0.7	0.3	0.3	nan	2	FR	EUR
250010003	HICP m/m	2022.02.25 10:45:00	0.8	0.3	0.2	nan	2	FR	EUR
250010005	GDP q/q	2022.02.25 10:45:00	0.7	0.7	0.7	nan	2	FR	EUR
250010006	GDP y/y	2022.02.25 10:45:00	5.4	5.4	5.4	nan	2	FR	EUR
250010008	Consumer Spending m/m	2022.02.25 10:45:00	-1.5	-3.1	0.2	0.0	2	FR	EUR
250040001	Jobseekers Total	2022.02.25 14:00:00	2977.1	nan	3075.0	3075.0	2	FR	EUR
250500001	S&P Global Manufacturing PMI	2022.03.01 11:50:00	57.2	57.6	57.6	nan	2	FR	EUR
250500002	S&P Global Services PMI	2022.03.03 11:50:00	55.5	57.9	57.9	nan	2	FR	EUR
250010001	CPI m/m	2022.03.15 10:45:00	0.8	0.7	0.7	nan	2	FR	EUR
250010003	HICP m/m	2022.03.15 10:45:00	0.9	0.8	0.8	nan	2	FR	EUR
250500001	S&P Global Manufacturing PMI	2022.03.24 11:15:00	54.8	57.5	57.2	nan	2	FR	EUR
250500002	S&P Global Services PMI	2022.03.24 11:15:00	57.4	56.8	55.5	nan	2	FR	EUR
250040001	Jobseekers Total	2022.03.25 14:00:00	2967.3	nan	2977.1	2977.1	2	FR	EUR
250010001	CPI m/m	2022.03.31 09:45:00	1.4	0.3	0.8	nan	2	FR	EUR
250010003	HICP m/m	2022.03.31 09:45:00	1.6	0.6	0.9	nan	2	FR	EUR
250010008	Consumer Spending m/m	2022.03.31 09:45:00	0.8	1.9	-1.5	-2.0	2	FR	EUR
250500001	S&P Global Manufacturing PMI	2022.04.01 10:50:00	54.7	54.8	54.8	nan	2	FR	EUR
250500002	S&P Global Services PMI	2022.04.05 10:50:00	57.4	57.4	57.4	nan	2	FR	EUR
250010001	CPI m/m	2022.04.15 09:45:00	1.4	1.4	1.4	nan	2	FR	EUR
250010003	HICP m/m	2022.04.15 09:45:00	1.6	1.6	1.6	nan	2	FR	EUR
250500001	S&P Global Manufacturing PMI	2022.04.22 10:15:00	55.4	54.8	54.7	nan	2	FR	EUR
250500002	S&P Global Services PMI	2022.04.22 10:15:00	58.8	57.5	57.4	nan	2	FR	EUR
250040001	Jobseekers Total	2022.04.28 13:00:00	2940.0	3163.1	2967.3	2951.0	2	FR	EUR
250010005	GDP q/q	2022.04.29 08:30:00	0.0	-0.6	0.7	0.8	2	FR	EUR
250010006	GDP y/y	2022.04.29 08:30:00	5.3	4.2	5.4	5.5	2	FR	EUR
250010008	Consumer Spending m/m	2022.04.29 08:30:00	-1.3	-0.9	0.8	0.9	2	FR	EUR
250010001	CPI m/m	2022.04.29 09:45:00	0.4	1.1	1.4	nan	2	FR	EUR
250010003	HICP m/m	2022.04.29 09:45:00	0.5	1.0	1.6	nan	2	FR	EUR
250500001	S&P Global Manufacturing PMI	2022.05.02 10:50:00	55.7	55.4	55.4	nan	2	FR	EUR
250500002	S&P Global Services PMI	2022.05.04 10:50:00	58.9	58.8	58.8	nan	2	FR	EUR
250010001	CPI m/m	2022.05.13 09:45:00	0.4	0.4	0.4	nan	2	FR	EUR
250010003	HICP m/m	2022.05.13 09:45:00	0.5	0.5	0.5	nan	2	FR	EUR
250500001	S&P Global Manufacturing PMI	2022.05.24 10:15:00	54.5	55.6	55.7	nan	2	FR	EUR
250500002	S&P Global Services PMI	2022.05.24 10:15:00	58.4	58.9	58.9	nan	2	FR	EUR
250040001	Jobseekers Total	2022.05.25 14:00:00	2955.0	nan	2940.0	2940.0	2	FR	EUR
250010001	CPI m/m	2022.05.31 09:45:00	0.6	0.8	0.4	nan	2	FR	EUR
250010003	HICP m/m	2022.05.31 09:45:00	0.7	0.9	0.5	nan	2	FR	EUR
250010005	GDP q/q	2022.05.31 09:45:00	-0.2	0.0	0.0	nan	2	FR	EUR
250010006	GDP y/y	2022.05.31 09:45:00	4.5	5.3	5.3	nan	2	FR	EUR
250010008	Consumer Spending m/m	2022.05.31 09:45:00	-0.4	0.1	-1.3	-1.4	2	FR	EUR
250500001	S&P Global Manufacturing PMI	2022.06.01 10:50:00	54.6	54.5	54.5	nan	2	FR	EUR
250500002	S&P Global Services PMI	2022.06.03 10:50:00	58.3	58.4	58.4	nan	2	FR	EUR
250010001	CPI m/m	2022.06.15 09:45:00	0.7	0.6	0.6	nan	2	FR	EUR
250010003	HICP m/m	2022.06.15 09:45:00	0.8	0.7	0.7	nan	2	FR	EUR
250500001	S&P Global Manufacturing PMI	2022.06.23 10:15:00	51.0	54.6	54.6	nan	2	FR	EUR
250500002	S&P Global Services PMI	2022.06.23 10:15:00	54.4	58.4	58.3	nan	2	FR	EUR
250040001	Jobseekers Total	2022.06.27 14:00:00	2933.0	nan	2955.0	2955.0	2	FR	EUR
250010001	CPI m/m	2022.06.30 09:45:00	0.7	1.3	0.7	nan	2	FR	EUR
250010003	HICP m/m	2022.06.30 09:45:00	0.8	1.1	0.8	nan	2	FR	EUR
250010008	Consumer Spending m/m	2022.06.30 09:45:00	0.7	2.2	-0.4	-0.7	2	FR	EUR
250500001	S&P Global Manufacturing PMI	2022.07.01 10:50:00	51.4	51.0	51.0	nan	2	FR	EUR
250500002	S&P Global Services PMI	2022.07.05 10:50:00	53.9	54.4	54.4	nan	2	FR	EUR
250010001	CPI m/m	2022.07.13 09:45:00	0.7	0.7	0.7	nan	2	FR	EUR
250010003	HICP m/m	2022.07.13 09:45:00	0.9	0.8	0.8	nan	2	FR	EUR
250500001	S&P Global Manufacturing PMI	2022.07.22 10:15:00	49.6	51.2	51.4	nan	2	FR	EUR
250500002	S&P Global Services PMI	2022.07.22 10:15:00	52.1	54.2	53.9	nan	2	FR	EUR
250040001	Jobseekers Total	2022.07.27 13:00:00	2946.5	3004.8	2933.0	2932.9	2	FR	EUR
250010005	GDP q/q	2022.07.29 08:30:00	0.5	0.4	-0.2	nan	2	FR	EUR
250010006	GDP y/y	2022.07.29 08:30:00	4.2	4.9	4.5	4.8	2	FR	EUR
250010008	Consumer Spending m/m	2022.07.29 08:30:00	0.2	-2.2	0.7	0.4	2	FR	EUR
250010001	CPI m/m	2022.07.29 09:45:00	0.3	0.4	0.7	nan	2	FR	EUR
250010003	HICP m/m	2022.07.29 09:45:00	0.3	1.1	0.9	nan	2	FR	EUR
250500001	S&P Global Manufacturing PMI	2022.08.01 10:50:00	49.5	49.6	49.6	nan	2	FR	EUR
250500002	S&P Global Services PMI	2022.08.03 10:50:00	53.2	52.1	52.1	nan	2	FR	EUR
250010001	CPI m/m	2022.08.12 09:45:00	0.3	0.3	0.3	nan	2	FR	EUR
250010003	HICP m/m	2022.08.12 09:45:00	0.3	0.3	0.3	nan	2	FR	EUR
250500001	S&P Global Manufacturing PMI	2022.08.23 10:15:00	49.0	49.5	49.5	nan	2	FR	EUR
250500002	S&P Global Services PMI	2022.08.23 10:15:00	51.0	52.7	53.2	nan	2	FR	EUR
250040001	Jobseekers Total	2022.08.25 14:00:00	2967.0	nan	2946.5	2946.5	2	FR	EUR
250010001	CPI m/m	2022.08.31 09:45:00	0.4	0.4	0.3	nan	2	FR	EUR
250010003	HICP m/m	2022.08.31 09:45:00	0.4	0.5	0.3	nan	2	FR	EUR
250010005	GDP q/q	2022.08.31 09:45:00	0.5	0.5	0.5	nan	2	FR	EUR
250010006	GDP y/y	2022.08.31 09:45:00	4.2	4.2	4.2	nan	2	FR	EUR
250010008	Consumer Spending m/m	2022.08.31 09:45:00	-0.8	1.1	0.2	0.1	2	FR	EUR
250500001	S&P Global Manufacturing PMI	2022.09.01 10:50:00	50.6	49.0	49.0	nan	2	FR	EUR
250500002	S&P Global Services PMI	2022.09.05 10:50:00	51.2	51.0	51.0	nan	2	FR	EUR
250010001	CPI m/m	2022.09.15 09:45:00	0.5	0.4	0.4	nan	2	FR	EUR
250010003	HICP m/m	2022.09.15 09:45:00	0.5	0.4	0.4	nan	2	FR	EUR
250500001	S&P Global Manufacturing PMI	2022.09.23 10:15:00	47.8	49.8	50.6	nan	2	FR	EUR
250500002	S&P Global Services PMI	2022.09.23 10:15:00	53.0	51.1	51.2	nan	2	FR	EUR
250040001	Jobseekers Total	2022.09.27 14:00:00	2966.0	nan	2967.0	2967.0	2	FR	EUR
250010001	CPI m/m	2022.09.30 09:45:00	-0.5	0.5	0.5	nan	2	FR	EUR
250010003	HICP m/m	2022.09.30 09:45:00	-0.5	0.6	0.5	nan	2	FR	EUR
250010008	Consumer Spending m/m	2022.09.30 09:45:00	0.0	0.2	-0.8	-0.9	2	FR	EUR
250500001	S&P Global Manufacturing PMI	2022.10.03 10:50:00	47.7	47.8	47.8	nan	2	FR	EUR
250500002	S&P Global Services PMI	2022.10.05 10:50:00	52.9	53.0	53.0	nan	2	FR	EUR
250010001	CPI m/m	2022.10.14 09:45:00	-0.6	-0.5	-0.5	nan	2	FR	EUR
250010003	HICP m/m	2022.10.14 09:45:00	-0.5	-0.5	-0.5	nan	2	FR	EUR
250500001	S&P Global Manufacturing PMI	2022.10.24 10:15:00	47.4	47.7	47.7	nan	2	FR	EUR
250500002	S&P Global Services PMI	2022.10.24 10:15:00	51.3	53.0	52.9	nan	2	FR	EUR
250040001	Jobseekers Total	2022.10.26 13:00:00	2905.8	2940.6	2966.0	2965.8	2	FR	EUR
250010005	GDP q/q	2022.10.28 08:30:00	0.2	0.2	0.5	nan	2	FR	EUR
250010006	GDP y/y	2022.10.28 08:30:00	1.0	4.2	4.2	nan	2	FR	EUR
250010008	Consumer Spending m/m	2022.10.28 08:30:00	1.2	-1.3	0.0	0.1	2	FR	EUR
250010001	CPI m/m	2022.10.28 09:45:00	1.0	-0.4	-0.6	nan	2	FR	EUR
250010003	HICP m/m	2022.10.28 09:45:00	1.3	0.0	-0.5	nan	2	FR	EUR
250500001	S&P Global Manufacturing PMI	2022.11.02 11:50:00	47.2	47.4	47.4	nan	2	FR	EUR
250500002	S&P Global Services PMI	2022.11.04 11:50:00	51.7	51.3	51.3	nan	2	FR	EUR
250010001	CPI m/m	2022.11.15 10:45:00	1.0	1.0	1.0	nan	2	FR	EUR
250010003	HICP m/m	2022.11.15 10:45:00	1.2	1.3	1.3	nan	2	FR	EUR
250500001	S&P Global Manufacturing PMI	2022.11.23 11:15:00	49.1	47.3	47.2	nan	2	FR	EUR
250500002	S&P Global Services PMI	2022.11.23 11:15:00	49.4	51.5	51.7	nan	2	FR	EUR
250010001	CPI m/m	2022.11.30 10:45:00	0.4	0.7	1.0	nan	2	FR	EUR
250010003	HICP m/m	2022.11.30 10:45:00	0.5	0.6	1.2	nan	2	FR	EUR
250010005	GDP q/q	2022.11.30 10:45:00	0.2	0.2	0.2	nan	2	FR	EUR
250010006	GDP y/y	2022.11.30 10:45:00	1.0	1.0	1.0	nan	2	FR	EUR
250010008	Consumer Spending m/m	2022.11.30 10:45:00	-2.8	1.7	1.2	1.3	2	FR	EUR
250500001	S&P Global Manufacturing PMI	2022.12.01 11:50:00	48.3	49.1	49.1	nan	2	FR	EUR
250500002	S&P Global Services PMI	2022.12.05 11:50:00	49.3	49.4	49.4	nan	2	FR	EUR
250010001	CPI m/m	2022.12.15 10:45:00	0.3	0.4	0.4	nan	2	FR	EUR
250010003	HICP m/m	2022.12.15 10:45:00	0.4	0.5	0.5	nan	2	FR	EUR
250500001	S&P Global Manufacturing PMI	2022.12.16 11:15:00	48.9	48.7	48.3	nan	2	FR	EUR
250500002	S&P Global Services PMI	2022.12.16 11:15:00	48.1	48.1	49.3	nan	2	FR	EUR
250500001	S&P Global Manufacturing PMI	2023.01.02 11:50:00	49.2	48.9	48.9	nan	2	FR	EUR
250010001	CPI m/m	2023.01.04 10:45:00	-0.1	-0.3	0.3	nan	2	FR	EUR
250010003	HICP m/m	2023.01.04 10:45:00	-0.1	0.7	0.4	nan	2	FR	EUR
250500002	S&P Global Services PMI	2023.01.04 11:50:00	49.5	48.1	48.1	nan	2	FR	EUR
250010008	Consumer Spending m/m	2023.01.06 10:45:00	0.5	-1.5	-2.8	-2.7	2	FR	EUR
250010001	CPI m/m	2023.01.13 10:45:00	-0.1	-0.1	-0.1	nan	2	FR	EUR
250010003	HICP m/m	2023.01.13 10:45:00	-0.1	-0.1	-0.1	nan	2	FR	EUR
250500001	S&P Global Manufacturing PMI	2023.01.24 11:15:00	50.8	49.1	49.2	nan	2	FR	EUR
250500002	S&P Global Services PMI	2023.01.24 11:15:00	49.2	48.8	49.5	nan	2	FR	EUR
250040001	Jobseekers Total	2023.01.25 14:00:00	2816.6	2923.1	2905.8	2810.4	2	FR	EUR
250010005	GDP q/q	2023.01.31 09:30:00	0.1	-0.2	0.2	nan	2	FR	EUR
250010006	GDP y/y	2023.01.31 09:30:00	0.5	1.0	1.0	nan	2	FR	EUR
250010008	Consumer Spending m/m	2023.01.31 09:30:00	-1.3	0.9	0.5	0.6	2	FR	EUR
250010001	CPI m/m	2023.01.31 10:45:00	0.4	0.6	-0.1	nan	2	FR	EUR
250010003	HICP m/m	2023.01.31 10:45:00	0.4	0.5	-0.1	nan	2	FR	EUR
250500001	S&P Global Manufacturing PMI	2023.02.01 11:50:00	50.5	50.8	50.8	nan	2	FR	EUR
250500002	S&P Global Services PMI	2023.02.03 11:50:00	49.4	49.2	49.2	nan	2	FR	EUR
250010001	CPI m/m	2023.02.17 10:45:00	0.4	0.4	0.4	nan	2	FR	EUR
250010003	HICP m/m	2023.02.17 10:45:00	0.4	0.4	0.4	nan	2	FR	EUR
250500001	S&P Global Manufacturing PMI	2023.02.21 11:15:00	47.9	50.7	50.5	nan	2	FR	EUR
250500002	S&P Global Services PMI	2023.02.21 11:15:00	52.8	49.3	49.4	nan	2	FR	EUR
250040001	Jobseekers Total	2023.02.27 14:00:00	2809.0	nan	2816.6	2816.6	2	FR	EUR
250010001	CPI m/m	2023.02.28 10:45:00	0.9	0.3	0.4	nan	2	FR	EUR
250010003	HICP m/m	2023.02.28 10:45:00	1.0	0.5	0.4	nan	2	FR	EUR
250010005	GDP q/q	2023.02.28 10:45:00	0.1	0.1	0.1	nan	2	FR	EUR
250010006	GDP y/y	2023.02.28 10:45:00	0.5	0.5	0.5	nan	2	FR	EUR
250010008	Consumer Spending m/m	2023.02.28 10:45:00	1.5	-0.1	-1.3	-1.6	2	FR	EUR
250500001	S&P Global Manufacturing PMI	2023.03.01 11:50:00	47.4	47.9	47.9	nan	2	FR	EUR
250500002	S&P Global Services PMI	2023.03.03 11:50:00	53.1	52.8	52.8	nan	2	FR	EUR
250010001	CPI m/m	2023.03.15 10:45:00	1.0	0.9	0.9	nan	2	FR	EUR
250010003	HICP m/m	2023.03.15 10:45:00	1.1	1.0	1.0	nan	2	FR	EUR
250500001	S&P Global Manufacturing PMI	2023.03.24 11:15:00	47.7	47.6	47.4	nan	2	FR	EUR
250500002	S&P Global Services PMI	2023.03.24 11:15:00	55.5	53.0	53.1	nan	2	FR	EUR
250040001	Jobseekers Total	2023.03.27 14:00:00	2781.0	nan	2809.0	2809.0	2	FR	EUR
250010001	CPI m/m	2023.03.31 09:45:00	0.8	0.8	1.0	nan	2	FR	EUR
250010003	HICP m/m	2023.03.31 09:45:00	0.9	0.9	1.1	nan	2	FR	EUR
250010008	Consumer Spending m/m	2023.03.31 09:45:00	-0.8	-0.4	1.5	1.7	2	FR	EUR
250500001	S&P Global Manufacturing PMI	2023.04.03 10:50:00	47.3	47.7	47.7	nan	2	FR	EUR
250500002	S&P Global Services PMI	2023.04.05 10:50:00	53.9	55.5	55.5	nan	2	FR	EUR
250010001	CPI m/m	2023.04.14 09:45:00	0.9	0.8	0.8	nan	2	FR	EUR
250010003	HICP m/m	2023.04.14 09:45:00	1.0	0.9	0.9	nan	2	FR	EUR
250500001	S&P Global Manufacturing PMI	2023.04.21 10:15:00	45.5	47.5	47.3	nan	2	FR	EUR
250500002	S&P Global Services PMI	2023.04.21 10:15:00	56.3	54.7	53.9	nan	2	FR	EUR
250040001	Jobseekers Total	2023.04.26 13:00:00	2789.0	2857.4	2781.0	2800.1	2	FR	EUR
250010005	GDP q/q	2023.04.28 08:30:00	0.2	0.1	0.1	0.0	2	FR	EUR
250010006	GDP y/y	2023.04.28 08:30:00	0.8	0.5	0.5	0.4	2	FR	EUR
250010008	Consumer Spending m/m	2023.04.28 08:30:00	-1.3	0.5	-0.8	nan	2	FR	EUR
250010001	CPI m/m	2023.04.28 09:45:00	0.6	0.5	0.9	nan	2	FR	EUR
250010003	HICP m/m	2023.04.28 09:45:00	0.7	0.4	1.0	nan	2	FR	EUR
250500001	S&P Global Manufacturing PMI	2023.05.02 10:50:00	45.6	45.5	45.5	nan	2	FR	EUR
250500002	S&P Global Services PMI	2023.05.04 10:50:00	54.6	56.3	56.3	nan	2	FR	EUR
250010001	CPI m/m	2023.05.12 09:45:00	0.6	0.6	0.6	nan	2	FR	EUR
250010003	HICP m/m	2023.05.12 09:45:00	0.7	0.7	0.7	nan	2	FR	EUR
250500001	S&P Global Manufacturing PMI	2023.05.23 10:15:00	46.1	45.5	45.6	nan	2	FR	EUR
250500002	S&P Global Services PMI	2023.05.23 10:15:00	52.8	55.5	54.6	nan	2	FR	EUR
250040001	Jobseekers Total	2023.05.26 14:00:00	2799.8	nan	2789.0	2789.0	2	FR	EUR
250010005	GDP q/q	2023.05.31 09:45:00	0.2	0.2	0.2	nan	2	FR	EUR
250010006	GDP y/y	2023.05.31 09:45:00	0.9	0.8	0.8	nan	2	FR	EUR
250010001	CPI m/m	2023.05.31 09:45:00	-0.1	0.9	0.6	nan	2	FR	EUR
250010003	HICP m/m	2023.05.31 09:45:00	-0.1	1.1	0.7	nan	2	FR	EUR
250010008	Consumer Spending m/m	2023.05.31 09:45:00	-1.0	-0.5	-1.3	-0.8	2	FR	EUR
250500001	S&P Global Manufacturing PMI	2023.06.01 10:50:00	45.7	46.1	46.1	nan	2	FR	EUR
250500002	S&P Global Services PMI	2023.06.05 10:50:00	52.5	52.8	52.8	nan	2	FR	EUR
250010001	CPI m/m	2023.06.15 09:45:00	-0.1	-0.1	-0.1	nan	2	FR	EUR
250010003	HICP m/m	2023.06.15 09:45:00	-0.1	-0.1	-0.1	nan	2	FR	EUR
250500001	S&P Global Manufacturing PMI	2023.06.23 10:15:00	45.5	45.9	45.7	nan	2	FR	EUR
250500002	S&P Global Services PMI	2023.06.23 10:15:00	48.0	52.6	52.5	nan	2	FR	EUR
250040001	Jobseekers Total	2023.06.27 14:00:00	2806.0	nan	2799.8	2799.8	2	FR	EUR
250010001	CPI m/m	2023.06.30 09:45:00	0.2	0.5	-0.1	nan	2	FR	EUR
250010003	HICP m/m	2023.06.30 09:45:00	0.2	0.6	-0.1	nan	2	FR	EUR
250010008	Consumer Spending m/m	2023.06.30 09:45:00	0.5	0.2	-1.0	-0.8	2	FR	EUR
250500001	S&P Global Manufacturing PMI	2023.07.03 10:50:00	46.0	45.5	45.5	nan	2	FR	EUR
250500002	S&P Global Services PMI	2023.07.05 10:50:00	48.0	48.0	48.0	nan	2	FR	EUR
250010001	CPI m/m	2023.07.13 09:45:00	0.2	0.2	0.2	nan	2	FR	EUR
250010003	HICP m/m	2023.07.13 09:45:00	0.2	0.2	0.2	nan	2	FR	EUR
250500001	S&P Global Manufacturing PMI	2023.07.24 10:15:00	44.5	45.7	46.0	nan	2	FR	EUR
250500002	S&P Global Services PMI	2023.07.24 10:15:00	47.4	48.0	48.0	nan	2	FR	EUR
250040001	Jobseekers Total	2023.07.26 13:00:00	2792.8	2798.8	2806.0	2806.0	2	FR	EUR
250010005	GDP q/q	2023.07.28 08:30:00	0.5	0.0	0.2	0.1	2	FR	EUR
250010006	GDP y/y	2023.07.28 08:30:00	0.9	0.8	0.9	nan	2	FR	EUR
250010008	Consumer Spending m/m	2023.07.28 08:30:00	0.9	-0.1	0.5	0.6	2	FR	EUR
250010001	CPI m/m	2023.07.28 09:45:00	0.0	-0.2	0.2	nan	2	FR	EUR
250010003	HICP m/m	2023.07.28 09:45:00	0.0	0.1	0.2	nan	2	FR	EUR
250500001	S&P Global Manufacturing PMI	2023.08.01 10:50:00	45.1	44.5	44.5	nan	2	FR	EUR
250500002	S&P Global Services PMI	2023.08.03 10:50:00	47.1	47.4	47.4	nan	2	FR	EUR
250010001	CPI m/m	2023.08.11 09:45:00	0.1	0.0	0.0	nan	2	FR	EUR
250010003	HICP m/m	2023.08.11 09:45:00	0.0	0.0	0.0	nan	2	FR	EUR
250500001	S&P Global Manufacturing PMI	2023.08.23 10:15:00	46.4	44.8	45.1	nan	2	FR	EUR
250500002	S&P Global Services PMI	2023.08.23 10:15:00	46.7	47.2	47.1	nan	2	FR	EUR
250040001	Jobseekers Total	2023.08.25 14:00:00	2816.6	nan	2792.8	2792.8	2	FR	EUR
250010001	CPI m/m	2023.08.31 09:45:00	1.0	0.0	0.1	nan	2	FR	EUR
250010003	HICP m/m	2023.08.31 09:45:00	1.1	-0.3	0.0	nan	2	FR	EUR
250010005	GDP q/q	2023.08.31 09:45:00	0.5	0.5	0.5	nan	2	FR	EUR
250010006	GDP y/y	2023.08.31 09:45:00	1.0	0.9	0.9	nan	2	FR	EUR
250010008	Consumer Spending m/m	2023.08.31 09:45:00	0.3	0.0	0.9	nan	2	FR	EUR
250500001	S&P Global Manufacturing PMI	2023.09.01 10:50:00	46.0	46.4	46.4	nan	2	FR	EUR
250500002	S&P Global Services PMI	2023.09.05 10:50:00	46.0	46.7	46.7	nan	2	FR	EUR
250010001	CPI m/m	2023.09.15 09:45:00	1.0	1.0	1.0	nan	2	FR	EUR
250010003	HICP m/m	2023.09.15 09:45:00	1.1	1.1	1.1	nan	2	FR	EUR
250500001	S&P Global Manufacturing PMI	2023.09.22 10:15:00	43.6	46.2	46.0	nan	2	FR	EUR
250500002	S&P Global Services PMI	2023.09.22 10:15:00	43.9	46.3	46.0	nan	2	FR	EUR
250040001	Jobseekers Total	2023.09.27 14:00:00	2827.6	nan	2816.6	2816.6	2	FR	EUR
250010001	CPI m/m	2023.09.29 09:45:00	-0.5	0.8	1.0	nan	2	FR	EUR
250010003	HICP m/m	2023.09.29 09:45:00	-0.6	0.5	1.1	nan	2	FR	EUR
250010008	Consumer Spending m/m	2023.09.29 09:45:00	-0.5	0.1	0.3	0.4	2	FR	EUR
250500001	S&P Global Manufacturing PMI	2023.10.02 10:50:00	44.2	43.6	43.6	nan	2	FR	EUR
250500002	S&P Global Services PMI	2023.10.04 10:50:00	44.4	43.9	43.9	nan	2	FR	EUR
250010001	CPI m/m	2023.10.13 09:45:00	-0.5	-0.5	-0.5	nan	2	FR	EUR
250010003	HICP m/m	2023.10.13 09:45:00	-0.6	-0.6	-0.6	nan	2	FR	EUR
250500001	S&P Global Manufacturing PMI	2023.10.24 10:15:00	42.6	43.9	44.2	nan	2	FR	EUR
250500002	S&P Global Services PMI	2023.10.24 10:15:00	46.1	42.7	44.4	nan	2	FR	EUR
250040001	Jobseekers Total	2023.10.25 13:00:00	2812.2	2787.0	2827.6	2827.6	2	FR	EUR
250010005	GDP q/q	2023.10.31 09:30:00	0.1	0.0	0.5	0.6	2	FR	EUR
250010006	GDP y/y	2023.10.31 09:30:00	0.7	0.7	1.0	1.1	2	FR	EUR
250010008	Consumer Spending m/m	2023.10.31 09:30:00	0.3	0.0	-0.5	-0.6	2	FR	EUR
250010001	CPI m/m	2023.10.31 10:45:00	0.1	-0.3	-0.5	nan	2	FR	EUR
250010003	HICP m/m	2023.10.31 10:45:00	0.2	0.2	-0.6	nan	2	FR	EUR
250500001	S&P Global Manufacturing PMI	2023.11.02 11:50:00	42.8	42.6	42.6	nan	2	FR	EUR
250500002	S&P Global Services PMI	2023.11.06 11:50:00	45.2	46.1	46.1	nan	2	FR	EUR
250010001	CPI m/m	2023.11.15 10:45:00	0.1	0.1	0.1	nan	2	FR	EUR
250010003	HICP m/m	2023.11.15 10:45:00	0.2	0.2	0.2	nan	2	FR	EUR
250500001	S&P Global Manufacturing PMI	2023.11.23 11:15:00	42.6	42.7	42.8	nan	2	FR	EUR
250500002	S&P Global Services PMI	2023.11.23 11:15:00	45.3	44.4	45.2	nan	2	FR	EUR
250040001	Jobseekers Total	2023.11.27 14:00:00	2821.4	nan	2812.2	2812.2	2	FR	EUR
250010001	CPI m/m	2023.11.30 10:45:00	-0.2	0.5	0.1	nan	2	FR	EUR
250010003	HICP m/m	2023.11.30 10:45:00	-0.3	-0.2	0.2	nan	2	FR	EUR
250010005	GDP q/q	2023.11.30 10:45:00	-0.1	0.1	0.1	nan	2	FR	EUR
250010006	GDP y/y	2023.11.30 10:45:00	0.6	0.7	0.7	nan	2	FR	EUR
250010008	Consumer Spending m/m	2023.11.30 10:45:00	-0.9	-0.1	0.3	0.0	2	FR	EUR
250500001	S&P Global Manufacturing PMI	2023.12.01 11:50:00	42.9	42.6	42.6	nan	2	FR	EUR
250500002	S&P Global Services PMI	2023.12.05 11:50:00	45.4	45.3	45.3	nan	2	FR	EUR
250010001	CPI m/m	2023.12.15 10:45:00	-0.2	-0.2	-0.2	nan	2	FR	EUR
250010003	HICP m/m	2023.12.15 10:45:00	-0.2	-0.3	-0.3	nan	2	FR	EUR
250500001	S&P Global Manufacturing PMI	2023.12.15 11:15:00	42.0	42.7	42.9	nan	2	FR	EUR
250500002	S&P Global Services PMI	2023.12.15 11:15:00	44.3	45.7	45.4	nan	2	FR	EUR
250040001	Jobseekers Total	2023.12.28 14:00:00	2826.6	nan	2821.4	2821.4	2	FR	EUR
250500001	S&P Global Manufacturing PMI	2024.01.02 11:50:00	42.1	42.0	42.0	nan	2	FR	EUR
250010001	CPI m/m	2024.01.04 10:45:00	0.1	0.6	-0.2	nan	2	FR	EUR
250010003	HICP m/m	2024.01.04 10:45:00	0.1	-0.1	-0.2	nan	2	FR	EUR
250500002	S&P Global Services PMI	2024.01.04 11:50:00	45.7	44.3	44.3	nan	2	FR	EUR
250010001	CPI m/m	2024.01.12 10:45:00	0.1	0.1	0.1	nan	2	FR	EUR
250010003	HICP m/m	2024.01.12 10:45:00	0.1	0.1	0.1	nan	2	FR	EUR
250010008	Consumer Spending m/m	2024.01.12 10:45:00	0.7	0.1	-0.9	nan	2	FR	EUR
250500001	S&P Global Manufacturing PMI	2024.01.24 11:15:00	43.2	41.7	42.1	nan	2	FR	EUR
250500002	S&P Global Services PMI	2024.01.24 11:15:00	45.0	45.3	45.7	nan	2	FR	EUR
250040001	Jobseekers Total	2024.01.25 14:00:00	2825.2	2798.8	2826.6	2826.6	2	FR	EUR
250010005	GDP q/q	2024.01.30 09:30:00	0.0	-0.1	-0.1	0.0	2	FR	EUR
250010006	GDP y/y	2024.01.30 09:30:00	0.7	0.5	0.6	nan	2	FR	EUR
250010008	Consumer Spending m/m	2024.01.30 09:30:00	0.3	-0.1	0.7	0.6	2	FR	EUR
250010001	CPI m/m	2024.01.31 10:45:00	-0.2	-0.1	0.1	nan	2	FR	EUR
250010003	HICP m/m	2024.01.31 10:45:00	-0.2	0.1	0.1	nan	2	FR	EUR
250500001	S&P Global Manufacturing PMI	2024.02.01 11:50:00	43.1	43.2	43.2	nan	2	FR	EUR
250500002	S&P Global Services PMI	2024.02.05 11:50:00	45.4	45.0	45.0	nan	2	FR	EUR
250010001	CPI m/m	2024.02.16 10:45:00	-0.2	-0.2	-0.2	nan	2	FR	EUR
250010003	HICP m/m	2024.02.16 10:45:00	-0.2	-0.2	-0.2	nan	2	FR	EUR
250500001	S&P Global Manufacturing PMI	2024.02.22 11:15:00	46.8	43.2	43.1	nan	2	FR	EUR
250500002	S&P Global Services PMI	2024.02.22 11:15:00	48.0	44.9	45.4	nan	2	FR	EUR
250040001	Jobseekers Total	2024.02.27 14:00:00	2827.7	nan	2825.2	2825.2	2	FR	EUR
250010001	CPI m/m	2024.02.29 10:45:00	0.8	-0.3	-0.2	nan	2	FR	EUR
250010003	HICP m/m	2024.02.29 10:45:00	0.9	0.0	-0.2	nan	2	FR	EUR
250010005	GDP q/q	2024.02.29 10:45:00	0.1	0.0	0.0	nan	2	FR	EUR
250010006	GDP y/y	2024.02.29 10:45:00	0.7	0.7	0.7	nan	2	FR	EUR
250010008	Consumer Spending m/m	2024.02.29 10:45:00	-0.3	0.2	0.3	nan	2	FR	EUR
250500001	S&P Global Manufacturing PMI	2024.03.01 11:50:00	47.1	46.8	46.8	nan	2	FR	EUR
250500002	S&P Global Services PMI	2024.03.05 11:50:00	48.4	48.0	48.0	nan	2	FR	EUR
250010001	CPI m/m	2024.03.15 10:45:00	0.9	0.8	0.8	nan	2	FR	EUR
250010003	HICP m/m	2024.03.15 10:45:00	0.9	0.9	0.9	nan	2	FR	EUR
250500001	S&P Global Manufacturing PMI	2024.03.21 11:15:00	45.8	46.1	47.1	nan	2	FR	EUR
250500002	S&P Global Services PMI	2024.03.21 11:15:00	47.8	47.2	48.4	nan	2	FR	EUR
250040001	Jobseekers Total	2024.03.27 14:00:00	2811.9	nan	2827.7	2827.7	2	FR	EUR
250010001	CPI m/m	2024.03.29 10:45:00	0.2	0.5	0.9	nan	2	FR	EUR
250010003	HICP m/m	2024.03.29 10:45:00	0.3	0.0	0.9	nan	2	FR	EUR
250010008	Consumer Spending m/m	2024.03.29 10:45:00	0.0	-0.3	-0.3	-0.6	2	FR	EUR
250500001	S&P Global Manufacturing PMI	2024.04.02 10:50:00	46.2	45.8	45.8	nan	2	FR	EUR
250500002	S&P Global Services PMI	2024.04.04 10:50:00	48.3	47.8	47.8	nan	2	FR	EUR
250010001	CPI m/m	2024.04.12 09:45:00	0.2	0.2	0.2	nan	2	FR	EUR
250010003	HICP m/m	2024.04.12 09:45:00	0.2	0.3	0.3	nan	2	FR	EUR
250500001	S&P Global Manufacturing PMI	2024.04.23 10:15:00	44.9	43.7	46.2	nan	2	FR	EUR
250500002	S&P Global Services PMI	2024.04.23 10:15:00	50.5	48.1	48.3	nan	2	FR	EUR
250040001	Jobseekers Total	2024.04.25 14:00:00	2812.2	nan	2811.9	2820.6	2	FR	EUR
250010005	GDP q/q	2024.04.30 08:30:00	0.2	0.1	0.1	nan	2	FR	EUR
250010006	GDP y/y	2024.04.30 08:30:00	1.1	0.4	0.7	0.8	2	FR	EUR
250010008	Consumer Spending m/m	2024.04.30 08:30:00	0.4	-0.2	0.0	0.1	2	FR	EUR
250010001	CPI m/m	2024.04.30 09:45:00	0.5	0.4	0.2	nan	2	FR	EUR
250010003	HICP m/m	2024.04.30 09:45:00	0.6	-0.4	0.2	nan	2	FR	EUR
250500001	S&P Global Manufacturing PMI	2024.05.02 10:50:00	45.3	44.9	44.9	nan	2	FR	EUR
250500002	S&P Global Services PMI	2024.05.06 10:50:00	51.3	50.5	50.5	nan	2	FR	EUR
250010001	CPI m/m	2024.05.15 09:45:00	0.5	0.5	0.5	nan	2	FR	EUR
250010003	HICP m/m	2024.05.15 09:45:00	0.6	0.6	0.6	nan	2	FR	EUR
250500001	S&P Global Manufacturing PMI	2024.05.23 10:15:00	46.7	44.8	45.3	nan	2	FR	EUR
250500002	S&P Global Services PMI	2024.05.23 10:15:00	49.4	50.9	51.3	nan	2	FR	EUR
250040001	Jobseekers Total	2024.05.28 14:00:00	2775.4	nan	2812.2	2812.2	2	FR	EUR
250010001	CPI m/m	2024.05.31 09:45:00	0.0	0.0	0.5	nan	2	FR	EUR
250010003	HICP m/m	2024.05.31 09:45:00	0.2	0.1	0.6	nan	2	FR	EUR
250010005	GDP q/q	2024.05.31 09:45:00	0.2	0.2	0.2	nan	2	FR	EUR
250010006	GDP y/y	2024.05.31 09:45:00	1.1	1.1	1.1	0.7	2	FR	EUR
250010008	Consumer Spending m/m	2024.05.31 09:45:00	-0.8	0.1	0.4	0.5	2	FR	EUR
250500001	S&P Global Manufacturing PMI	2024.06.03 10:50:00	46.4	46.7	46.7	nan	2	FR	EUR
250500002	S&P Global Services PMI	2024.06.05 10:50:00	48.9	49.4	49.4	nan	2	FR	EUR
250010001	CPI m/m	2024.06.14 09:45:00	0.0	0.0	0.0	nan	2	FR	EUR
250010003	HICP m/m	2024.06.14 09:45:00	0.1	0.2	0.2	nan	2	FR	EUR
250500001	S&P Global Manufacturing PMI	2024.06.21 10:15:00	45.3	44.5	46.4	nan	2	FR	EUR
250500002	S&P Global Services PMI	2024.06.21 10:15:00	48.8	49.1	48.9	nan	2	FR	EUR
250040001	Jobseekers Total	2024.06.26 14:00:00	2816.3	nan	2775.4	2775.4	2	FR	EUR
250010001	CPI m/m	2024.06.28 09:45:00	0.0	0.5	0.0	nan	2	FR	EUR
250010003	HICP m/m	2024.06.28 09:45:00	0.1	0.4	0.1	nan	2	FR	EUR
250010008	Consumer Spending m/m	2024.06.28 09:45:00	1.5	-0.3	-0.8	-0.9	2	FR	EUR
250500001	S&P Global Manufacturing PMI	2024.07.01 10:50:00	45.4	45.3	45.3	nan	2	FR	EUR
250500002	S&P Global Services PMI	2024.07.03 10:50:00	48.8	48.8	48.8	nan	2	FR	EUR
250010001	CPI m/m	2024.07.12 09:45:00	0.1	0.0	0.0	nan	2	FR	EUR
250010003	HICP m/m	2024.07.12 09:45:00	0.2	0.1	0.1	nan	2	FR	EUR
250500001	S&P Global Manufacturing PMI	2024.07.24 10:15:00	44.1	44.1	45.4	nan	2	FR	EUR
250500002	S&P Global Services PMI	2024.07.24 10:15:00	50.7	47.3	48.8	nan	2	FR	EUR
250040001	Jobseekers Total	2024.07.25 01:00:00	2834.5	2819.3	2816.3	nan	2	FR	EUR
250010005	GDP q/q	2024.07.30 08:30:00	0.3	0.2	0.2	0.3	2	FR	EUR
250010006	GDP y/y	2024.07.30 08:30:00	1.1	1.0	1.1	1.5	2	FR	EUR
250010008	Consumer Spending m/m	2024.07.30 08:30:00	-0.5	0.8	1.5	0.8	2	FR	EUR
250010001	CPI m/m	2024.07.31 09:45:00	0.1	0.0	0.1	nan	2	FR	EUR
250010003	HICP m/m	2024.07.31 09:45:00	0.1	0.0	0.2	nan	2	FR	EUR
250500001	S&P Global Manufacturing PMI	2024.08.01 10:50:00	44.0	44.1	44.1	nan	2	FR	EUR
250500002	S&P Global Services PMI	2024.08.05 10:50:00	50.1	50.7	50.7	nan	2	FR	EUR
250010001	CPI m/m	2024.08.14 09:45:00	0.2	0.1	0.1	nan	2	FR	EUR
250010003	HICP m/m	2024.08.14 09:45:00	0.2	0.1	0.1	nan	2	FR	EUR
250500001	S&P Global Manufacturing PMI	2024.08.22 10:15:00	42.1	44.9	44.0	nan	2	FR	EUR
250500002	S&P Global Services PMI	2024.08.22 10:15:00	55.0	48.8	50.1	nan	2	FR	EUR
250040001	Jobseekers Total	2024.08.28 01:00:00	2808.4	2815.7	2834.5	nan	2	FR	EUR
250010001	CPI m/m	2024.08.30 09:45:00	0.6	0.5	0.2	nan	2	FR	EUR
250010003	HICP m/m	2024.08.30 09:45:00	0.6	0.5	0.2	nan	2	FR	EUR
250010005	GDP q/q	2024.08.30 09:45:00	0.2	0.3	0.3	nan	2	FR	EUR
250010006	GDP y/y	2024.08.30 09:45:00	1.0	1.1	1.1	nan	2	FR	EUR
250010008	Consumer Spending m/m	2024.08.30 09:45:00	0.3	0.2	-0.5	-0.6	2	FR	EUR
250500001	S&P Global Manufacturing PMI	2024.09.02 10:50:00	43.9	42.1	42.1	nan	2	FR	EUR
250500002	S&P Global Services PMI	2024.09.04 10:50:00	55.0	55.0	55.0	nan	2	FR	EUR
250010001	CPI m/m	2024.09.13 09:45:00	0.5	0.6	0.6	nan	2	FR	EUR
250010003	HICP m/m	2024.09.13 09:45:00	0.6	0.6	0.6	nan	2	FR	EUR
250500001	S&P Global Manufacturing PMI	2024.09.23 10:15:00	44.0	44.7	43.9	nan	2	FR	EUR
250500002	S&P Global Services PMI	2024.09.23 10:15:00	48.3	53.2	55.0	nan	2	FR	EUR
250040001	Jobseekers Total	2024.09.25 01:00:00	2795.7	2824.7	2808.4	nan	2	FR	EUR
250010001	CPI m/m	2024.09.27 09:45:00	-1.2	0.1	0.5	nan	2	FR	EUR
250010003	HICP m/m	2024.09.27 09:45:00	-1.2	0.3	0.6	nan	2	FR	EUR
250010008	Consumer Spending m/m	2024.09.27 09:45:00	0.2	0.0	0.3	0.2	2	FR	EUR
250500001	S&P Global Manufacturing PMI	2024.10.01 10:50:00	44.6	44.0	44.0	nan	2	FR	EUR
250500002	S&P Global Services PMI	2024.10.03 10:50:00	49.6	48.3	48.3	nan	2	FR	EUR
250010001	CPI m/m	2024.10.15 09:45:00	-1.2	-1.2	-1.2	nan	2	FR	EUR
250010003	HICP m/m	2024.10.15 09:45:00	-1.3	-1.2	-1.2	nan	2	FR	EUR
250500001	S&P Global Manufacturing PMI	2024.10.24 10:15:00	44.5	43.6	44.6	nan	2	FR	EUR
250500002	S&P Global Services PMI	2024.10.24 10:15:00	48.3	46.8	49.6	nan	2	FR	EUR
250040001	Jobseekers Total	2024.10.25 01:00:00	2837.9	2796.6	2795.7	nan	2	FR	EUR
250010005	GDP q/q	2024.10.30 09:30:00	0.4	0.1	0.2	nan	2	FR	EUR
250010006	GDP y/y	2024.10.30 09:30:00	1.3	1.0	1.0	nan	2	FR	EUR
250010008	Consumer Spending m/m	2024.10.30 09:30:00	0.1	-0.5	0.2	0.4	2	FR	EUR
250010001	CPI m/m	2024.10.31 10:45:00	0.2	-0.8	-1.2	nan	2	FR	EUR
250010003	HICP m/m	2024.10.31 10:45:00	0.3	-0.8	-1.3	nan	2	FR	EUR
250500001	S&P Global Manufacturing PMI	2024.11.04 11:50:00	44.5	44.5	44.5	nan	2	FR	EUR
250500002	S&P Global Services PMI	2024.11.06 11:50:00	48.1	48.3	48.3	nan	2	FR	EUR
250010001	CPI m/m	2024.11.15 10:45:00	0.3	0.2	0.2	nan	2	FR	EUR
250010003	HICP m/m	2024.11.15 10:45:00	0.3	0.3	0.3	nan	2	FR	EUR
250500001	S&P Global Manufacturing PMI	2024.11.22 11:15:00	43.2	44.2	44.5	nan	2	FR	EUR
250500002	S&P Global Services PMI	2024.11.22 11:15:00	45.7	50.7	48.1	nan	2	FR	EUR
250040001	Jobseekers Total	2024.11.27 02:00:00	2891.5	2803.7	2837.9	nan	2	FR	EUR
250010001	CPI m/m	2024.11.29 10:45:00	-0.1	-0.9	0.3	nan	2	FR	EUR
250010003	HICP m/m	2024.11.29 10:45:00	-0.1	-1.1	0.3	nan	2	FR	EUR
250010005	GDP q/q	2024.11.29 10:45:00	0.4	0.4	0.4	nan	2	FR	EUR
250010006	GDP y/y	2024.11.29 10:45:00	1.2	1.3	1.3	nan	2	FR	EUR
250010008	Consumer Spending m/m	2024.11.29 10:45:00	-0.4	0.2	0.1	nan	2	FR	EUR
250500001	S&P Global Manufacturing PMI	2024.12.02 11:50:00	43.1	43.2	43.2	nan	2	FR	EUR
250500002	S&P Global Services PMI	2024.12.04 11:50:00	45.9	45.7	45.7	nan	2	FR	EUR
250010001	CPI m/m	2024.12.13 10:45:00	-0.1	-0.1	-0.1	nan	2	FR	EUR
250010003	HICP m/m	2024.12.13 10:45:00	-0.1	-0.1	-0.1	nan	2	FR	EUR
250500001	S&P Global Manufacturing PMI	2024.12.16 11:15:00	41.9	44.4	43.1	nan	2	FR	EUR
250500002	S&P Global Services PMI	2024.12.16 11:15:00	48.2	48.7	45.9	nan	2	FR	EUR
250040001	Jobseekers Total	2024.12.26 02:00:00	2935.0	2839.3	2891.5	nan	2	FR	EUR
250500001	S&P Global Manufacturing PMI	2025.01.02 11:50:00	41.9	41.9	41.9	nan	2	FR	EUR
250500002	S&P Global Services PMI	2025.01.06 11:50:00	47.5	48.2	48.2	nan	2	FR	EUR
250010001	CPI m/m	2025.01.07 10:45:00	0.2	-0.2	-0.1	nan	2	FR	EUR
250010003	HICP m/m	2025.01.07 10:45:00	0.2	-0.2	-0.1	nan	2	FR	EUR
250010008	Consumer Spending m/m	2025.01.10 10:45:00	0.3	0.1	-0.4	-0.3	2	FR	EUR
250010001	CPI m/m	2025.01.15 10:45:00	0.2	0.2	0.2	nan	2	FR	EUR
250010003	HICP m/m	2025.01.15 10:45:00	0.2	0.2	0.2	nan	2	FR	EUR
250500001	S&P Global Manufacturing PMI	2025.01.24 11:15:00	45.3	42.1	41.9	nan	2	FR	EUR
250500002	S&P Global Services PMI	2025.01.24 11:15:00	48.9	47.8	47.5	nan	2	FR	EUR
250040001	Jobseekers Total	2025.01.27 02:00:00	2956.8	2885.1	2935.0	nan	2	FR	EUR
250010005	GDP q/q	2025.01.30 09:30:00	-0.1	0.3	0.4	nan	2	FR	EUR
250010006	GDP y/y	2025.01.30 09:30:00	0.7	1.2	1.2	nan	2	FR	EUR
250010008	Consumer Spending m/m	2025.01.30 09:30:00	0.7	0.1	0.3	0.2	2	FR	EUR
250010001	CPI m/m	2025.01.31 10:45:00	-0.1	-0.2	0.2	nan	2	FR	EUR
250010003	HICP m/m	2025.01.31 10:45:00	-0.2	-0.7	0.2	nan	2	FR	EUR
250500001	S&P Global Manufacturing PMI	2025.02.03 11:50:00	45.0	45.3	45.3	nan	2	FR	EUR
250500002	S&P Global Services PMI	2025.02.05 11:50:00	48.2	48.9	48.9	nan	2	FR	EUR
250010001	CPI m/m	2025.02.18 10:45:00	0.2	-0.1	-0.1	nan	2	FR	EUR
250010003	HICP m/m	2025.02.18 10:45:00	-0.2	-0.2	-0.2	nan	2	FR	EUR
250500001	S&P Global Manufacturing PMI	2025.02.21 11:15:00	45.5	43.9	45.0	nan	2	FR	EUR
250500002	S&P Global Services PMI	2025.02.21 11:15:00	44.5	49.3	48.2	nan	2	FR	EUR
250040001	Jobseekers Total	2025.02.27 02:00:00	3161.6	2956.8	2956.8	2956.8	2	FR	EUR
250010001	CPI m/m	2025.02.28 10:45:00	0.0	0.2	0.2	nan	2	FR	EUR
250010003	HICP m/m	2025.02.28 10:45:00	0.0	0.1	-0.2	nan	2	FR	EUR
250010005	GDP q/q	2025.02.28 10:45:00	-0.1	-0.1	-0.1	nan	2	FR	EUR
250010006	GDP y/y	2025.02.28 10:45:00	0.6	0.7	0.7	nan	2	FR	EUR
250010008	Consumer Spending m/m	2025.02.28 10:45:00	-0.5	-0.2	0.7	nan	2	FR	EUR
250500001	S&P Global Manufacturing PMI	2025.03.03 11:50:00	45.8	45.5	45.5	nan	2	FR	EUR
250500002	S&P Global Services PMI	2025.03.05 11:50:00	45.3	44.5	44.5	nan	2	FR	EUR
250010001	CPI m/m	2025.03.14 10:45:00	0.0	0.0	0.0	nan	2	FR	EUR
250010003	HICP m/m	2025.03.14 10:45:00	0.1	0.0	0.0	nan	2	FR	EUR
250500001	S&P Global Manufacturing PMI	2025.03.24 11:15:00	48.9	45.1	45.8	nan	2	FR	EUR
250500002	S&P Global Services PMI	2025.03.24 11:15:00	46.6	43.7	45.3	nan	2	FR	EUR
250040001	Jobseekers Total	2025.03.26 02:00:00	3228.8	3161.6	3161.6	3161.6	2	FR	EUR
250010001	CPI m/m	2025.03.28 10:45:00	0.2	0.6	0.0	nan	2	FR	EUR
250010003	HICP m/m	2025.03.28 10:45:00	0.2	-0.4	0.1	nan	2	FR	EUR
250010008	Consumer Spending m/m	2025.03.28 10:45:00	-0.1	0.3	-0.5	-0.6	2	FR	EUR
250500001	S&P Global Manufacturing PMI	2025.04.01 10:50:00	48.5	48.9	48.9	nan	2	FR	EUR
250500002	S&P Global Services PMI	2025.04.03 10:50:00	47.9	46.6	46.6	nan	2	FR	EUR
250010001	CPI m/m	2025.04.15 09:45:00	0.2	0.2	0.2	nan	2	FR	EUR
250010003	HICP m/m	2025.04.15 09:45:00	0.2	0.2	0.2	nan	2	FR	EUR
250500001	S&P Global Manufacturing PMI	2025.04.23 10:15:00	48.2	48.4	48.5	nan	2	FR	EUR
250500002	S&P Global Services PMI	2025.04.23 10:15:00	46.8	48.4	47.9	nan	2	FR	EUR
250040001	Jobseekers Total	2025.04.28 01:00:00	3189.3	3027.2	3228.8	3217.8	2	FR	EUR
250010005	GDP q/q	2025.04.30 08:30:00	0.1	0.2	-0.1	nan	2	FR	EUR
250010006	GDP y/y	2025.04.30 08:30:00	0.8	0.3	0.6	0.8	2	FR	EUR
250010008	Consumer Spending m/m	2025.04.30 08:30:00	-1.0	0.4	-0.1	-0.2	2	FR	EUR
250010001	CPI m/m	2025.04.30 09:45:00	0.5	0.0	0.2	nan	2	FR	EUR
250010003	HICP m/m	2025.04.30 09:45:00	0.6	0.0	0.2	nan	2	FR	EUR
250500001	S&P Global Manufacturing PMI	2025.05.02 10:50:00	48.7	48.2	48.2	nan	2	FR	EUR
250500002	S&P Global Services PMI	2025.05.06 10:50:00	47.3	46.8	46.8	nan	2	FR	EUR
250010001	CPI m/m	2025.05.15 09:45:00	0.6	0.5	0.5	nan	2	FR	EUR
250010003	HICP m/m	2025.05.15 09:45:00	0.7	0.6	0.6	nan	2	FR	EUR
250500001	S&P Global Manufacturing PMI	2025.05.22 10:15:00	49.5	48.2	48.7	nan	2	FR	EUR
250500002	S&P Global Services PMI	2025.05.22 10:15:00	47.4	48.1	47.3	nan	2	FR	EUR
250040001	Jobseekers Total	2025.05.27 01:00:00	3013.4	3081.3	3189.3	3189.3	2	FR	EUR
250010001	CPI m/m	2025.05.27 09:45:00	-0.1	0.3	0.6	nan	2	FR	EUR
250010003	HICP m/m	2025.05.27 09:45:00	-0.2	0.2	0.7	nan	2	FR	EUR
250010005	GDP q/q	2025.05.28 09:45:00	0.1	0.1	0.1	nan	2	FR	EUR
250010006	GDP y/y	2025.05.28 09:45:00	0.6	0.8	0.8	nan	2	FR	EUR
250010008	Consumer Spending m/m	2025.05.28 09:45:00	0.3	0.0	-1.0	-1.1	2	FR	EUR
250500001	S&P Global Manufacturing PMI	2025.06.02 10:50:00	49.8	49.5	49.5	nan	2	FR	EUR
250500002	S&P Global Services PMI	2025.06.04 10:50:00	48.9	47.4	47.4	nan	2	FR	EUR
250010001	CPI m/m	2025.06.13 09:45:00	-0.1	-0.1	-0.1	nan	2	FR	EUR
250010003	HICP m/m	2025.06.13 09:45:00	-0.2	-0.2	-0.2	nan	2	FR	EUR
250500001	S&P Global Manufacturing PMI	2025.06.23 10:15:00	47.8	48.8	49.8	nan	2	FR	EUR
250500002	S&P Global Services PMI	2025.06.23 10:15:00	48.7	47.2	48.9	nan	2	FR	EUR
250040001	Jobseekers Total	2025.06.25 01:00:00	3002.2	2895.4	3013.4	nan	2	FR	EUR
250010001	CPI m/m	2025.06.27 09:45:00	0.3	0.2	-0.1	nan	2	FR	EUR
250010003	HICP m/m	2025.06.27 09:45:00	0.4	-0.3	-0.2	nan	2	FR	EUR
250010008	Consumer Spending m/m	2025.06.27 09:45:00	0.2	-0.5	0.3	0.5	2	FR	EUR
250500001	S&P Global Manufacturing PMI	2025.07.01 10:50:00	48.1	47.8	47.8	nan	2	FR	EUR
250500002	S&P Global Services PMI	2025.07.03 10:50:00	50.0	48.7	48.7	nan	2	FR	EUR
250010001	CPI m/m	2025.07.11 09:45:00	0.4	0.3	0.3	nan	2	FR	EUR
250010003	HICP m/m	2025.07.11 09:45:00	0.4	0.4	0.4	nan	2	FR	EUR
250500001	S&P Global Manufacturing PMI	2025.07.24 10:15:00	48.4	47.0	48.1	nan	2	FR	EUR
250500002	S&P Global Services PMI	2025.07.24 10:15:00	49.7	47.5	50.0	nan	2	FR	EUR
250040001	Jobseekers Total	2025.07.25 01:00:00	2980.6	3078.0	3002.2	nan	2	FR	EUR
250010005	GDP q/q	2025.07.30 08:30:00	0.3	0.0	0.1	nan	2	FR	EUR
250010006	GDP y/y	2025.07.30 08:30:00	0.7	0.7	0.6	nan	2	FR	EUR
250010008	Consumer Spending m/m	2025.07.30 08:30:00	0.6	-0.3	0.2	0.1	2	FR	EUR
250010001	CPI m/m	2025.07.31 09:45:00	0.2	-0.2	0.4	nan	2	FR	EUR
250010003	HICP m/m	2025.07.31 09:45:00	0.3	-0.2	0.4	nan	2	FR	EUR
250500001	S&P Global Manufacturing PMI	2025.08.01 10:50:00	48.2	48.4	48.4	nan	2	FR	EUR
250500002	S&P Global Services PMI	2025.08.05 10:50:00	48.5	49.7	49.7	nan	2	FR	EUR
250010001	CPI m/m	2025.08.14 09:45:00	0.2	0.2	0.2	nan	2	FR	EUR
250010003	HICP m/m	2025.08.14 09:45:00	0.3	0.3	0.3	nan	2	FR	EUR
250500001	S&P Global Manufacturing PMI	2025.08.21 10:15:00	49.9	47.7	48.2	nan	2	FR	EUR
250500002	S&P Global Services PMI	2025.08.21 10:15:00	49.7	47.6	48.5	nan	2	FR	EUR
250040001	Jobseekers Total	2025.08.27 01:00:00	3033.5	nan	2980.6	2980.6	2	FR	EUR
250010001	CPI m/m	2025.08.29 09:45:00	0.4	0.3	0.2	nan	2	FR	EUR
250010003	HICP m/m	2025.08.29 09:45:00	0.5	0.5	0.3	nan	2	FR	EUR
250010005	GDP q/q	2025.08.29 09:45:00	0.3	0.3	0.3	nan	2	FR	EUR
250010006	GDP y/y	2025.08.29 09:45:00	0.8	0.7	0.7	nan	2	FR	EUR
250010008	Consumer Spending m/m	2025.08.29 09:45:00	-0.3	0.4	0.6	0.4	2	FR	EUR
250500001	S&P Global Manufacturing PMI	2025.09.01 10:50:00	50.4	49.9	49.9	nan	2	FR	EUR
250500002	S&P Global Services PMI	2025.09.03 10:50:00	49.8	49.7	49.7	nan	2	FR	EUR
250010001	CPI m/m	2025.09.12 09:45:00	0.4	0.4	0.4	nan	2	FR	EUR
250010003	HICP m/m	2025.09.12 09:45:00	0.5	0.5	0.5	nan	2	FR	EUR
250500001	S&P Global Manufacturing PMI	2025.09.23 10:15:00	48.1	50.0	50.4	nan	2	FR	EUR
250500002	S&P Global Services PMI	2025.09.23 10:15:00	48.9	49.7	49.8	nan	2	FR	EUR
250040001	Jobseekers Total	2025.09.27 01:00:00	3021.8	nan	3033.5	3033.5	2	FR	EUR
250010001	CPI m/m	2025.09.30 09:45:00	-1.0	0.3	0.4	nan	2	FR	EUR
250010003	HICP m/m	2025.09.30 09:45:00	-1.1	0.2	0.5	nan	2	FR	EUR
250010008	Consumer Spending m/m	2025.09.30 09:45:00	0.1	-0.2	-0.3	-0.6	2	FR	EUR
250500001	S&P Global Manufacturing PMI	2025.10.01 10:50:00	48.2	nan	48.1	nan	2	FR	EUR
250500002	S&P Global Services PMI	2025.10.03 10:50:00	48.5	nan	48.9	nan	2	FR	EUR
250010001	CPI m/m	2025.10.15 09:45:00	-1.0	-1.0	-1.0	nan	2	FR	EUR
250010003	HICP m/m	2025.10.15 09:45:00	-1.1	-1.1	-1.1	nan	2	FR	EUR
250500001	S&P Global Manufacturing PMI	2025.10.24 10:15:00	48.3	nan	48.2	nan	2	FR	EUR
250500002	S&P Global Services PMI	2025.10.24 10:15:00	47.1	49.1	48.5	nan	2	FR	EUR
250040001	Jobseekers Total	2025.10.29 01:00:00	3082.0	nan	3021.8	3021.8	2	FR	EUR
250010005	GDP q/q	2025.10.30 09:30:00	0.5	0.1	0.3	nan	2	FR	EUR
250010006	GDP y/y	2025.10.30 09:30:00	0.9	0.7	0.8	0.7	2	FR	EUR
250010008	Consumer Spending m/m	2025.10.30 09:30:00	0.3	-0.2	0.1	0.2	2	FR	EUR
250010001	CPI m/m	2025.10.31 10:45:00	0.1	-0.7	-1.0	nan	2	FR	EUR
250010003	HICP m/m	2025.10.31 10:45:00	0.1	-0.8	-1.1	nan	2	FR	EUR
250500001	S&P Global Manufacturing PMI	2025.11.03 11:50:00	48.8	48.3	48.3	nan	2	FR	EUR
250500002	S&P Global Services PMI	2025.11.05 11:50:00	48.0	47.1	47.1	nan	2	FR	EUR
250010001	CPI m/m	2025.11.14 10:45:00	0.1	0.1	0.1	nan	2	FR	EUR
250010003	HICP m/m	2025.11.14 10:45:00	0.1	0.1	0.1	nan	2	FR	EUR
250500001	S&P Global Manufacturing PMI	2025.11.21 11:15:00	47.8	49.3	48.8	nan	2	FR	EUR
250500002	S&P Global Services PMI	2025.11.21 11:15:00	50.8	47.5	48.0	nan	2	FR	EUR
250010001	CPI m/m	2025.11.28 10:45:00	-0.1	-0.2	0.1	nan	2	FR	EUR
250010003	HICP m/m	2025.11.28 10:45:00	-0.2	0.0	0.1	nan	2	FR	EUR
250010005	GDP q/q	2025.11.28 10:45:00	0.5	0.5	0.5	nan	2	FR	EUR
250010006	GDP y/y	2025.11.28 10:45:00	0.9	0.9	0.9	nan	2	FR	EUR
250010008	Consumer Spending m/m	2025.11.28 10:45:00	0.4	0.1	0.3	nan	2	FR	EUR
250500001	S&P Global Manufacturing PMI	2025.12.01 11:50:00	47.8	47.8	47.8	nan	2	FR	EUR
250500002	S&P Global Services PMI	2025.12.03 11:50:00	51.4	50.8	50.8	nan	2	FR	EUR
250010001	CPI m/m	2025.12.12 10:45:00	-0.2	-0.1	-0.1	nan	2	FR	EUR
250010003	HICP m/m	2025.12.12 10:45:00	-0.2	-0.2	-0.2	nan	2	FR	EUR
250010001	CPI m/m	2026.01.06 10:45:00	0.1	-0.2	-0.2	nan	2	FR	EUR
250010003	HICP m/m	2026.01.06 10:45:00	0.1	0.5	-0.2	nan	2	FR	EUR
250010008	Consumer Spending m/m	2026.01.09 10:45:00	-0.3	0.5	0.4	0.5	2	FR	EUR
250010001	CPI m/m	2026.01.15 10:45:00	0.1	0.1	0.1	nan	2	FR	EUR
250010003	HICP m/m	2026.01.15 10:45:00	0.1	0.1	0.1	nan	2	FR	EUR
250040001	Jobseekers Total	2026.01.29 02:00:00	3117.4	3125.7	3082.0	3129.3	2	FR	EUR
250010005	GDP q/q	2026.01.30 09:30:00	0.2	0.3	0.5	nan	2	FR	EUR
250010006	GDP y/y	2026.01.30 09:30:00	1.1	0.8	0.9	nan	2	FR	EUR
250010008	Consumer Spending m/m	2026.01.30 09:30:00	-0.6	0.2	-0.3	nan	2	FR	EUR
250010001	CPI m/m	2026.02.03 10:45:00	-0.3	-0.4	0.1	nan	2	FR	EUR
250010003	HICP m/m	2026.02.03 10:45:00	-0.3	-0.3	0.1	nan	2	FR	EUR
250010001	CPI m/m	2026.02.18 10:45:00	-0.3	nan	-0.3	nan	2	FR	EUR
250010003	HICP m/m	2026.02.18 10:45:00	-0.4	nan	-0.3	nan	2	FR	EUR
250500001	S&P Global Manufacturing PMI	2026.02.20 11:15:00	49.9	nan	nan	nan	2	FR	EUR
250500002	S&P Global Services PMI	2026.02.20 11:15:00	49.6	nan	nan	nan	2	FR	EUR
250040001	Jobseekers Total	2026.02.27 02:00:00	3090.5	3105.9	3117.4	nan	2	FR	EUR
250010001	CPI m/m	2026.02.27 10:45:00	0.7	-0.5	-0.3	nan	2	FR	EUR
250010003	HICP m/m	2026.02.27 10:45:00	0.4	-0.6	-0.4	nan	2	FR	EUR
250010005	GDP q/q	2026.02.27 10:45:00	0.2	0.2	0.2	nan	2	FR	EUR
250010006	GDP y/y	2026.02.27 10:45:00	1.2	1.1	1.1	nan	2	FR	EUR
250010008	Consumer Spending m/m	2026.02.27 10:45:00	0.5	0.0	-0.6	-0.5	2	FR	EUR
250500001	S&P Global Manufacturing PMI	2026.03.02 11:50:00	50.1	49.9	49.9	nan	2	FR	EUR
250010001	CPI m/m	2026.03.13 10:45:00	0.6	nan	0.7	nan	2	FR	EUR
250010003	HICP m/m	2026.03.13 10:45:00	0.7	nan	0.4	nan	2	FR	EUR
250500001	S&P Global Manufacturing PMI	2026.03.24 11:15:00	50.2	48.8	50.1	nan	2	FR	EUR
250500002	S&P Global Services PMI	2026.03.24 11:15:00	48.3	nan	nan	nan	2	FR	EUR
250040001	Jobseekers Total	2026.03.27 02:00:00	3108.2	3092.6	3090.5	nan	2	FR	EUR
250010001	CPI m/m	2026.03.31 09:45:00	0.9	1.5	0.6	nan	2	FR	EUR
250010003	HICP m/m	2026.03.31 09:45:00	1.1	0.5	0.7	nan	2	FR	EUR
250010008	Consumer Spending m/m	2026.03.31 09:45:00	-1.4	0.0	0.5	0.4	2	FR	EUR
250500001	S&P Global Manufacturing PMI	2026.04.01 10:50:00	50.0	50.2	50.2	nan	2	FR	EUR
250500002	S&P Global Services PMI	2026.04.07 10:50:00	48.8	48.3	48.3	nan	2	FR	EUR
250010001	CPI m/m	2026.04.15 09:45:00	1.0	nan	0.9	nan	2	FR	EUR
250010003	HICP m/m	2026.04.15 09:45:00	1.1	nan	1.1	nan	2	FR	EUR
250500001	S&P Global Manufacturing PMI	2026.04.23 10:15:00	52.8	48.8	50.0	nan	2	FR	EUR
250500002	S&P Global Services PMI	2026.04.23 10:15:00	46.5	48.1	48.8	nan	2	FR	EUR
250040001	Jobseekers Total	2026.04.28 01:00:00	3109.1	nan	3108.2	3073.5	2	FR	EUR
250010005	GDP q/q	2026.04.30 08:30:00	0.0	0.0	0.2	nan	2	FR	EUR
250010006	GDP y/y	2026.04.30 08:30:00	1.1	1.3	1.2	1.3	2	FR	EUR
250010008	Consumer Spending m/m	2026.04.30 08:30:00	0.7	-0.4	-1.4	nan	2	FR	EUR
250010001	CPI m/m	2026.04.30 09:45:00	1.0	0.3	1.0	nan	2	FR	EUR
250010003	HICP m/m	2026.04.30 09:45:00	1.2	0.9	1.1	nan	2	FR	EUR
250500001	S&P Global Manufacturing PMI	2026.05.04 10:50:00	52.8	52.8	52.8	nan	2	FR	EUR
250500002	S&P Global Services PMI	2026.05.06 10:50:00	46.5	46.5	46.5	nan	2	FR	EUR
250010001	CPI m/m	2026.05.13 09:45:00	1.0	1.0	1.0	nan	2	FR	EUR
250010003	HICP m/m	2026.05.13 09:45:00	1.2	1.2	1.2	nan	2	FR	EUR
250500001	S&P Global Manufacturing PMI	2026.05.21 10:15:00	48.9	50.4	52.8	nan	2	FR	EUR
250500002	S&P Global Services PMI	2026.05.21 10:15:00	42.9	44.9	46.5	nan	2	FR	EUR
250040001	Jobseekers Total	2026.05.29 01:00:00	3100.1	3167.5	3109.1	nan	2	FR	EUR
250010001	CPI m/m	2026.05.29 09:45:00	0.1	0.7	1.0	nan	2	FR	EUR
250010003	HICP m/m	2026.05.29 09:45:00	0.1	0.2	1.2	nan	2	FR	EUR
250010005	GDP q/q	2026.05.29 09:45:00	-0.1	0.0	0.0	nan	2	FR	EUR
250010006	GDP y/y	2026.05.29 09:45:00	0.9	1.1	1.1	nan	2	FR	EUR
250010008	Consumer Spending m/m	2026.05.29 09:45:00	-0.5	-0.4	0.7	0.9	2	FR	EUR
250500001	S&P Global Manufacturing PMI	2026.06.01 10:50:00	49.7	48.9	48.9	nan	2	FR	EUR
