window_start_idx,timestamp,relevance_score,confidence_score,overall_eurusd_bias
1,2020-01-02 00:00:00,0.9,0.85,sell
2,2020-01-03 00:00:00,0.9,0.8,sell
5,2020-01-06 00:00:00,0.95,0.9,sell
6,2020-01-07 00:00:00,0.9,0.85,sell
7,2020-01-08 00:00:00,0.95,0.9,sell
8,2020-01-09 00:00:00,0.9,0.85,sell
9,2020-01-10 00:00:00,0.9,0.85,sell
12,2020-01-13 00:00:00,0.85,0.75,sell
13,2020-01-14 00:00:00,0.8,0.75,sell
14,2020-01-15 00:00:00,0.85,0.8,sell
15,2020-01-16 00:00:00,0.9,0.85,sell
16,2020-01-17 00:00:00,0.9,0.85,sell
19,2020-01-20 00:00:00,0.85,0.8,sell
20,2020-01-21 00:00:00,0.9,0.8,sell
21,2020-01-22 00:00:00,0.9,0.8,sell
22,2020-01-23 00:00:00,0.9,0.85,sell
23,2020-01-24 00:00:00,0.95,0.9,sell
26,2020-01-27 00:00:00,0.9,0.9,sell
27,2020-01-28 00:00:00,0.9,0.85,sell
28,2020-01-29 00:00:00,0.95,0.9,sell
29,2020-01-30 00:00:00,0.9,0.9,sell
30,2020-01-31 00:00:00,0.95,0.9,sell
33,2020-02-03 00:00:00,0.95,0.9,sell
34,2020-02-04 00:00:00,0.95,0.9,sell
35,2020-02-05 00:00:00,0.9,0.85,sell
36,2020-02-06 00:00:00,0.9,0.85,sell
37,2020-02-07 00:00:00,0.9,0.85,sell
40,2020-02-10 00:00:00,0.9,0.85,sell
41,2020-02-11 00:00:00,0.9,0.85,sell
42,2020-02-12 00:00:00,0.9,0.8,hold
43,2020-02-13 00:00:00,0.9,0.85,sell
44,2020-02-14 00:00:00,0.95,0.9,sell
47,2020-02-17 00:00:00,0.9,0.9,sell
48,2020-02-18 00:00:00,0.95,0.9,sell
49,2020-02-19 00:00:00,0.9,0.9,sell
50,2020-02-20 00:00:00,0.9,0.9,sell
51,2020-02-21 00:00:00,0.9,0.9,sell
54,2020-02-24 00:00:00,0.9,0.85,sell
55,2020-02-25 00:00:00,1.0,0.9,sell
56,2020-02-26 00:00:00,0.95,0.9,sell
57,2020-02-27 00:00:00,0.95,0.9,sell
58,2020-02-28 00:00:00,0.95,0.9,sell
61,2020-03-02 00:00:00,0.95,0.9,sell
62,2020-03-03 00:00:00,0.95,0.85,sell
63,2020-03-04 00:00:00,0.9,0.75,hold
64,2020-03-05 00:00:00,0.95,0.75,sell
65,2020-03-06 00:00:00,0.95,0.85,sell
68,2020-03-09 00:00:00,0.9,0.8,sell
69,2020-03-10 00:00:00,0.9,0.8,sell
70,2020-03-11 00:00:00,0.9,0.75,hold
71,2020-03-12 00:00:00,0.9,0.85,sell
72,2020-03-13 00:00:00,0.9,0.85,sell
75,2020-03-16 00:00:00,0.9,0.85,sell
76,2020-03-17 00:00:00,0.95,0.8,hold
77,2020-03-18 00:00:00,0.95,0.85,hold
78,2020-03-19 00:00:00,0.95,0.9,sell
79,2020-03-20 00:00:00,0.9,0.8,hold
82,2020-03-23 00:00:00,0.95,0.9,sell
83,2020-03-24 00:00:00,0.95,0.9,sell
84,2020-03-25 00:00:00,0.95,0.9,sell
85,2020-03-26 00:00:00,0.9,0.8,sell
86,2020-03-27 00:00:00,0.9,0.8,hold
89,2020-03-30 00:00:00,0.9,0.75,sell
90,2020-03-31 00:00:00,0.9,0.85,sell
91,2020-04-01 00:00:00,0.9,0.8,sell
92,2020-04-02 00:00:00,0.9,0.8,sell
93,2020-04-03 00:00:00,1.0,0.9,hold
96,2020-04-06 00:00:00,0.95,0.9,sell
97,2020-04-07 00:00:00,0.9,0.8,hold
98,2020-04-08 00:00:00,0.9,0.8,hold
99,2020-04-09 00:00:00,0.9,0.85,sell
100,2020-04-10 00:00:00,0.9,0.7,hold
103,2020-04-13 00:00:00,0.9,0.75,sell
104,2020-04-14 00:00:00,0.9,0.8,hold
105,2020-04-15 00:00:00,0.9,0.8,buy
106,2020-04-16 00:00:00,0.9,0.75,hold
107,2020-04-17 00:00:00,0.9,0.8,hold
110,2020-04-20 00:00:00,0.9,0.75,sell
111,2020-04-21 00:00:00,0.85,0.75,sell
112,2020-04-22 00:00:00,0.9,0.8,hold
113,2020-04-23 00:00:00,0.9,0.7,hold
114,2020-04-24 00:00:00,0.9,0.8,hold
117,2020-04-27 00:00:00,0.9,0.8,sell
118,2020-04-28 00:00:00,0.8,0.6,hold
119,2020-04-29 00:00:00,0.85,0.75,buy
120,2020-04-30 00:00:00,0.9,0.8,buy
121,2020-05-01 00:00:00,0.9,0.8,hold
124,2020-05-04 00:00:00,0.8,0.7,hold
125,2020-05-05 00:00:00,0.85,0.65,hold
126,2020-05-06 00:00:00,0.9,0.8,hold
127,2020-05-07 00:00:00,0.9,0.75,hold
128,2020-05-08 00:00:00,0.9,0.8,sell
131,2020-05-11 00:00:00,0.85,0.7,sell
132,2020-05-12 00:00:00,0.85,0.7,hold
133,2020-05-13 00:00:00,0.85,0.8,hold
134,2020-05-14 00:00:00,0.9,0.75,hold
135,2020-05-15 00:00:00,0.8,0.7,hold
138,2020-05-18 00:00:00,0.8,0.7,sell
139,2020-05-19 00:00:00,0.8,0.8,hold
140,2020-05-20 00:00:00,0.9,0.85,buy
141,2020-05-21 00:00:00,0.85,0.8,buy
142,2020-05-22 00:00:00,0.85,0.75,buy
145,2020-05-25 00:00:00,0.7,0.8,hold
146,2020-05-26 00:00:00,0.8,0.75,sell
147,2020-05-27 00:00:00,0.85,0.65,hold
148,2020-05-28 00:00:00,0.9,0.7,hold
149,2020-05-29 00:00:00,0.85,0.7,hold
152,2020-06-01 00:00:00,0.9,0.7,hold
153,2020-06-02 00:00:00,0.9,0.85,buy
154,2020-06-03 00:00:00,0.9,0.85,buy
155,2020-06-04 00:00:00,0.9,0.85,buy
156,2020-06-05 00:00:00,0.85,0.7,hold
159,2020-06-08 00:00:00,0.85,0.75,sell
160,2020-06-09 00:00:00,0.9,0.85,sell
161,2020-06-10 00:00:00,0.9,0.85,hold
162,2020-06-11 00:00:00,0.85,0.8,hold
163,2020-06-12 00:00:00,0.85,0.75,hold
166,2020-06-15 00:00:00,0.8,0.75,buy
167,2020-06-16 00:00:00,0.7,0.65,hold
168,2020-06-17 00:00:00,0.85,0.7,hold
169,2020-06-18 00:00:00,0.85,0.8,sell
170,2020-06-19 00:00:00,0.9,0.85,sell
173,2020-06-22 00:00:00,0.9,0.8,sell
174,2020-06-23 00:00:00,0.9,0.7,hold
175,2020-06-24 00:00:00,0.9,0.85,sell
176,2020-06-25 00:00:00,0.85,0.75,sell
177,2020-06-26 00:00:00,0.9,0.9,sell
180,2020-06-29 00:00:00,0.85,0.75,sell
181,2020-06-30 00:00:00,0.9,0.85,sell
182,2020-07-01 00:00:00,0.9,0.85,sell
183,2020-07-02 00:00:00,0.9,0.85,sell
184,2020-07-03 00:00:00,0.9,0.85,sell
187,2020-07-06 00:00:00,0.7,0.8,hold
188,2020-07-07 00:00:00,0.8,0.7,hold
189,2020-07-08 00:00:00,0.8,0.6,hold
190,2020-07-09 00:00:00,0.7,0.6,hold
191,2020-07-10 00:00:00,0.85,0.7,hold
194,2020-07-13 00:00:00,0.8,0.75,hold
195,2020-07-14 00:00:00,0.85,0.75,buy
196,2020-07-15 00:00:00,0.85,0.75,buy
197,2020-07-16 00:00:00,0.8,0.7,hold
198,2020-07-17 00:00:00,0.85,0.75,buy
201,2020-07-20 00:00:00,0.8,0.75,hold
202,2020-07-21 00:00:00,0.9,0.8,buy
203,2020-07-22 00:00:00,0.95,0.9,buy
204,2020-07-23 00:00:00,0.9,0.85,buy
205,2020-07-24 00:00:00,0.95,0.9,buy
208,2020-07-27 00:00:00,0.8,0.75,buy
209,2020-07-28 00:00:00,0.9,0.85,buy
210,2020-07-29 00:00:00,0.8,0.7,hold
211,2020-07-30 00:00:00,0.8,0.85,hold
212,2020-07-31 00:00:00,0.9,0.8,hold
215,2020-08-03 00:00:00,0.9,0.85,buy
216,2020-08-04 00:00:00,0.85,0.75,hold
217,2020-08-05 00:00:00,0.85,0.7,hold
218,2020-08-06 00:00:00,0.85,0.8,hold
219,2020-08-07 00:00:00,0.8,0.6,hold
222,2020-08-10 00:00:00,0.85,0.7,hold
223,2020-08-11 00:00:00,0.9,0.8,sell
224,2020-08-12 00:00:00,0.85,0.8,sell
225,2020-08-13 00:00:00,0.9,0.8,sell
226,2020-08-14 00:00:00,0.8,0.65,hold
229,2020-08-17 00:00:00,0.85,0.75,buy
230,2020-08-18 00:00:00,0.8,0.75,hold
231,2020-08-19 00:00:00,0.8,0.85,hold
232,2020-08-20 00:00:00,0.8,0.6,hold
233,2020-08-21 00:00:00,0.85,0.7,buy
236,2020-08-24 00:00:00,0.8,0.8,hold
237,2020-08-25 00:00:00,0.8,0.7,hold
238,2020-08-26 00:00:00,0.8,0.7,hold
239,2020-08-27 00:00:00,0.8,0.7,hold
240,2020-08-28 00:00:00,0.9,0.75,sell
243,2020-08-31 00:00:00,0.9,0.8,buy
244,2020-09-01 00:00:00,0.9,0.8,hold
245,2020-09-02 00:00:00,0.9,0.85,sell
246,2020-09-03 00:00:00,0.9,0.7,hold
247,2020-09-04 00:00:00,0.85,0.8,sell
250,2020-09-07 00:00:00,0.85,0.75,buy
251,2020-09-08 00:00:00,0.7,0.6,hold
252,2020-09-09 00:00:00,0.8,0.7,sell
253,2020-09-10 00:00:00,0.9,0.85,sell
254,2020-09-11 00:00:00,0.9,0.85,sell
257,2020-09-14 00:00:00,0.8,0.75,sell
258,2020-09-15 00:00:00,0.8,0.75,sell
259,2020-09-16 00:00:00,0.9,0.8,hold
260,2020-09-17 00:00:00,0.85,0.75,buy
261,2020-09-18 00:00:00,0.85,0.75,sell
264,2020-09-21 00:00:00,0.85,0.75,sell
265,2020-09-22 00:00:00,0.9,0.8,sell
266,2020-09-23 00:00:00,0.85,0.7,hold
267,2020-09-24 00:00:00,0.85,0.8,sell
268,2020-09-25 00:00:00,0.9,0.85,sell
271,2020-09-28 00:00:00,0.8,0.75,sell
272,2020-09-29 00:00:00,0.85,0.75,sell
273,2020-09-30 00:00:00,0.85,0.8,sell
274,2020-10-01 00:00:00,0.85,0.75,sell
275,2020-10-02 00:00:00,0.9,0.85,sell
278,2020-10-05 00:00:00,0.9,0.85,sell
279,2020-10-06 00:00:00,0.8,0.7,hold
280,2020-10-07 00:00:00,0.8,0.75,sell
281,2020-10-08 00:00:00,0.8,0.7,hold
282,2020-10-09 00:00:00,0.85,0.75,buy
285,2020-10-12 00:00:00,0.7,0.8,hold
286,2020-10-13 00:00:00,0.8,0.8,hold
287,2020-10-14 00:00:00,0.9,0.85,sell
288,2020-10-15 00:00:00,0.9,0.8,sell
289,2020-10-16 00:00:00,0.9,0.85,sell
292,2020-10-19 00:00:00,0.9,0.8,sell
293,2020-10-20 00:00:00,0.9,0.75,sell
294,2020-10-21 00:00:00,0.85,0.8,sell
295,2020-10-22 00:00:00,0.8,0.85,hold
296,2020-10-23 00:00:00,0.85,0.8,sell
299,2020-10-26 00:00:00,0.9,0.8,hold
300,2020-10-27 00:00:00,0.7,0.8,hold
301,2020-10-28 00:00:00,0.9,0.8,sell
302,2020-10-29 00:00:00,0.9,0.9,sell
303,2020-10-30 00:00:00,0.95,0.95,sell
306,2020-11-02 00:00:00,0.9,0.85,sell
307,2020-11-03 00:00:00,0.9,0.85,sell
308,2020-11-04 00:00:00,0.9,0.85,sell
309,2020-11-05 00:00:00,0.9,0.85,sell
310,2020-11-06 00:00:00,0.9,0.85,sell
313,2020-11-09 00:00:00,0.9,0.8,sell
314,2020-11-10 00:00:00,0.85,0.75,sell
315,2020-11-11 00:00:00,0.9,0.85,sell
316,2020-11-12 00:00:00,0.9,0.85,sell
317,2020-11-13 00:00:00,0.85,0.7,hold
320,2020-11-16 00:00:00,0.85,0.75,sell
321,2020-11-17 00:00:00,0.8,0.75,sell
322,2020-11-18 00:00:00,0.9,0.8,sell
323,2020-11-19 00:00:00,0.9,0.85,sell
324,2020-11-20 00:00:00,0.8,0.6,hold
327,2020-11-23 00:00:00,0.7,0.7,hold
328,2020-11-24 00:00:00,0.9,0.85,sell
329,2020-11-25 00:00:00,0.85,0.75,sell
330,2020-11-26 00:00:00,0.85,0.75,hold
331,2020-11-27 00:00:00,0.8,0.75,sell
334,2020-11-30 00:00:00,0.85,0.75,sell
335,2020-12-01 00:00:00,0.8,0.7,hold
336,2020-12-02 00:00:00,0.9,0.85,sell
337,2020-12-03 00:00:00,0.9,0.8,sell
338,2020-12-04 00:00:00,0.9,0.9,sell
341,2020-12-07 00:00:00,0.85,0.7,hold
342,2020-12-08 00:00:00,0.9,0.85,sell
343,2020-12-09 00:00:00,0.85,0.7,hold
344,2020-12-10 00:00:00,0.9,0.85,sell
345,2020-12-11 00:00:00,0.9,0.8,hold
348,2020-12-14 00:00:00,0.9,0.85,sell
349,2020-12-15 00:00:00,0.85,0.8,hold
350,2020-12-16 00:00:00,0.9,0.8,sell
351,2020-12-17 00:00:00,0.85,0.8,hold
352,2020-12-18 00:00:00,0.85,0.7,hold
355,2020-12-21 00:00:00,0.85,0.8,hold
356,2020-12-22 00:00:00,0.9,0.8,sell
357,2020-12-23 00:00:00,0.85,0.75,sell
358,2020-12-24 00:00:00,0.9,0.8,sell
362,2020-12-28 00:00:00,0.75,0.65,buy
363,2020-12-29 00:00:00,0.8,0.7,sell
364,2020-12-30 00:00:00,0.85,0.75,sell
365,2020-12-31 00:00:00,0.85,0.75,sell
369,2021-01-04 00:00:00,0.8,0.75,sell
370,2021-01-05 00:00:00,0.85,0.75,sell
371,2021-01-06 00:00:00,0.85,0.8,sell
372,2021-01-07 00:00:00,0.9,0.85,sell
373,2021-01-08 00:00:00,0.9,0.85,sell
376,2021-01-11 00:00:00,0.8,0.7,hold
377,2021-01-12 00:00:00,0.8,0.75,sell
378,2021-01-13 00:00:00,0.8,0.65,sell
379,2021-01-14 00:00:00,0.9,0.8,sell
380,2021-01-15 00:00:00,0.8,0.6,hold
383,2021-01-18 00:00:00,0.8,0.7,hold
384,2021-01-19 00:00:00,0.9,0.7,hold
385,2021-01-20 00:00:00,0.8,0.7,sell
386,2021-01-21 00:00:00,0.85,0.8,sell
387,2021-01-22 00:00:00,0.9,0.85,sell
390,2021-01-25 00:00:00,0.85,0.8,sell
391,2021-01-26 00:00:00,0.8,0.75,sell
392,2021-01-27 00:00:00,0.85,0.75,hold
393,2021-01-28 00:00:00,0.85,0.75,sell
394,2021-01-29 00:00:00,0.85,0.75,sell
397,2021-02-01 00:00:00,0.8,0.8,sell
398,2021-02-02 00:00:00,0.7,0.65,hold
399,2021-02-03 00:00:00,0.9,0.9,sell
400,2021-02-04 00:00:00,0.9,0.85,sell
401,2021-02-05 00:00:00,0.9,0.85,sell
404,2021-02-08 00:00:00,0.75,0.7,sell
405,2021-02-09 00:00:00,0.85,0.8,hold
406,2021-02-10 00:00:00,0.85,0.75,sell
407,2021-02-11 00:00:00,0.85,0.65,hold
408,2021-02-12 00:00:00,0.85,0.75,sell
411,2021-02-15 00:00:00,0.85,0.7,hold
412,2021-02-16 00:00:00,0.7,0.6,hold
413,2021-02-17 00:00:00,0.75,0.8,hold
414,2021-02-18 00:00:00,0.9,0.8,sell
415,2021-02-19 00:00:00,0.8,0.7,hold
418,2021-02-22 00:00:00,0.85,0.75,sell
419,2021-02-23 00:00:00,0.8,0.7,hold
420,2021-02-24 00:00:00,0.8,0.75,sell
421,2021-02-25 00:00:00,0.85,0.8,buy
422,2021-02-26 00:00:00,0.9,0.8,sell
425,2021-03-01 00:00:00,0.8,0.7,sell
426,2021-03-02 00:00:00,0.7,0.8,hold
427,2021-03-03 00:00:00,0.9,0.8,sell
428,2021-03-04 00:00:00,0.9,0.85,sell
429,2021-03-05 00:00:00,0.9,0.85,sell
432,2021-03-08 00:00:00,0.8,0.75,sell
433,2021-03-09 00:00:00,0.8,0.85,sell
434,2021-03-10 00:00:00,0.85,0.75,sell
435,2021-03-11 00:00:00,0.9,0.85,sell
436,2021-03-12 00:00:00,0.9,0.85,sell
439,2021-03-15 00:00:00,0.9,0.85,sell
440,2021-03-16 00:00:00,0.9,0.85,sell
441,2021-03-17 00:00:00,0.85,0.7,hold
442,2021-03-18 00:00:00,0.85,0.75,hold
443,2021-03-19 00:00:00,0.9,0.85,sell
446,2021-03-22 00:00:00,0.9,0.85,sell
447,2021-03-23 00:00:00,0.8,0.7,hold
448,2021-03-24 00:00:00,0.9,0.8,hold
449,2021-03-25 00:00:00,0.9,0.8,sell
450,2021-03-26 00:00:00,0.9,0.85,sell
453,2021-03-29 00:00:00,0.85,0.8,sell
454,2021-03-30 00:00:00,0.85,0.8,sell
455,2021-03-31 00:00:00,0.85,0.8,sell
456,2021-04-01 00:00:00,0.9,0.85,sell
457,2021-04-02 00:00:00,0.9,0.85,sell
460,2021-04-05 00:00:00,0.9,0.85,sell
461,2021-04-06 00:00:00,0.9,0.9,sell
462,2021-04-07 00:00:00,0.9,0.85,sell
463,2021-04-08 00:00:00,0.85,0.75,sell
464,2021-04-09 00:00:00,0.85,0.75,hold
467,2021-04-12 00:00:00,0.8,0.75,sell
468,2021-04-13 00:00:00,0.85,0.75,sell
469,2021-04-14 00:00:00,0.95,0.9,sell
470,2021-04-15 00:00:00,0.9,0.85,sell
471,2021-04-16 00:00:00,0.9,0.9,sell
474,2021-04-19 00:00:00,0.9,0.8,sell
475,2021-04-20 00:00:00,0.9,0.85,sell
476,2021-04-21 00:00:00,0.9,0.8,sell
477,2021-04-22 00:00:00,0.8,0.75,sell
478,2021-04-23 00:00:00,0.9,0.9,sell
481,2021-04-26 00:00:00,0.7,0.65,sell
482,2021-04-27 00:00:00,0.7,0.8,hold
483,2021-04-28 00:00:00,0.9,0.85,sell
484,2021-04-29 00:00:00,0.85,0.8,sell
485,2021-04-30 00:00:00,0.8,0.8,hold
488,2021-05-03 00:00:00,0.8,0.7,sell
489,2021-05-04 00:00:00,0.9,0.8,buy
490,2021-05-05 00:00:00,0.85,0.75,buy
491,2021-05-06 00:00:00,0.9,0.8,sell
492,2021-05-07 00:00:00,0.8,0.7,hold
495,2021-05-10 00:00:00,0.85,0.75,buy
496,2021-05-11 00:00:00,0.85,0.75,buy
497,2021-05-12 00:00:00,0.8,0.8,hold
498,2021-05-13 00:00:00,0.9,0.85,sell
499,2021-05-14 00:00:00,0.9,0.85,sell
502,2021-05-17 00:00:00,0.9,0.8,sell
503,2021-05-18 00:00:00,0.85,0.8,sell
504,2021-05-19 00:00:00,0.85,0.75,sell
505,2021-05-20 00:00:00,0.8,0.85,hold
506,2021-05-21 00:00:00,0.85,0.8,sell
509,2021-05-24 00:00:00,0.8,0.7,hold
510,2021-05-25 00:00:00,0.8,0.7,sell
511,2021-05-26 00:00:00,0.8,0.7,sell
512,2021-05-27 00:00:00,0.8,0.75,sell
513,2021-05-28 00:00:00,0.7,0.8,hold
516,2021-05-31 00:00:00,0.6,0.7,hold
517,2021-06-01 00:00:00,0.8,0.7,hold
518,2021-06-02 00:00:00,0.9,0.85,buy
519,2021-06-03 00:00:00,0.85,0.75,buy
520,2021-06-04 00:00:00,0.9,0.85,sell
523,2021-06-07 00:00:00,0.85,0.75,sell
524,2021-06-08 00:00:00,0.85,0.8,sell
525,2021-06-09 00:00:00,0.85,0.8,sell
526,2021-06-10 00:00:00,0.9,0.8,sell
527,2021-06-11 00:00:00,0.9,0.85,sell
530,2021-06-14 00:00:00,0.8,0.7,hold
531,2021-06-15 00:00:00,0.7,0.6,hold
532,2021-06-16 00:00:00,0.85,0.75,sell
533,2021-06-17 00:00:00,0.85,0.7,sell
534,2021-06-18 00:00:00,0.9,0.8,sell
537,2021-06-21 00:00:00,0.9,0.8,sell
538,2021-06-22 00:00:00,0.9,0.8,sell
539,2021-06-23 00:00:00,0.85,0.75,sell
540,2021-06-24 00:00:00,0.8,0.8,hold
541,2021-06-25 00:00:00,0.8,0.8,sell
544,2021-06-28 00:00:00,0.8,0.7,sell
545,2021-06-29 00:00:00,0.85,0.8,sell
546,2021-06-30 00:00:00,0.9,0.85,sell
547,2021-07-01 00:00:00,0.8,0.75,sell
548,2021-07-02 00:00:00,0.85,0.8,sell
551,2021-07-05 00:00:00,0.85,0.8,sell
552,2021-07-06 00:00:00,0.85,0.75,hold
553,2021-07-07 00:00:00,0.8,0.7,sell
554,2021-07-08 00:00:00,0.85,0.8,sell
555,2021-07-09 00:00:00,0.8,0.6,hold
558,2021-07-12 00:00:00,0.85,0.75,sell
559,2021-07-13 00:00:00,0.8,0.75,sell
560,2021-07-14 00:00:00,0.95,0.9,sell
561,2021-07-15 00:00:00,0.85,0.65,hold
562,2021-07-16 00:00:00,0.8,0.7,hold
565,2021-07-19 00:00:00,0.85,0.75,sell
566,2021-07-20 00:00:00,0.85,0.75,sell
567,2021-07-21 00:00:00,0.85,0.75,sell
568,2021-07-22 00:00:00,0.8,0.7,sell
569,2021-07-23 00:00:00,0.85,0.7,hold
572,2021-07-26 00:00:00,0.8,0.8,hold
573,2021-07-27 00:00:00,0.8,0.75,hold
574,2021-07-28 00:00:00,0.9,0.8,sell
575,2021-07-29 00:00:00,0.85,0.8,sell
576,2021-07-30 00:00:00,0.95,0.9,sell
579,2021-08-02 00:00:00,0.8,0.75,sell
580,2021-08-03 00:00:00,0.8,0.7,hold
581,2021-08-04 00:00:00,0.8,0.65,hold
582,2021-08-05 00:00:00,0.8,0.8,hold
583,2021-08-06 00:00:00,0.85,0.75,sell
586,2021-08-09 00:00:00,0.85,0.75,sell
587,2021-08-10 00:00:00,0.9,0.8,sell
588,2021-08-11 00:00:00,0.9,0.85,sell
589,2021-08-12 00:00:00,0.85,0.75,buy
590,2021-08-13 00:00:00,0.8,0.7,hold
593,2021-08-16 00:00:00,0.7,0.6,hold
594,2021-08-17 00:00:00,0.85,0.75,sell
595,2021-08-18 00:00:00,0.9,0.7,hold
596,2021-08-19 00:00:00,0.85,0.7,hold
597,2021-08-20 00:00:00,0.9,0.8,sell
600,2021-08-23 00:00:00,0.8,0.75,sell
601,2021-08-24 00:00:00,0.85,0.75,sell
602,2021-08-25 00:00:00,0.85,0.75,buy
603,2021-08-26 00:00:00,0.85,0.8,sell
604,2021-08-27 00:00:00,0.9,0.9,sell
607,2021-08-30 00:00:00,0.85,0.7,sell
608,2021-08-31 00:00:00,0.85,0.75,buy
609,2021-09-01 00:00:00,0.95,0.9,buy
610,2021-09-02 00:00:00,0.9,0.85,buy
611,2021-09-03 00:00:00,0.9,0.85,sell
614,2021-09-06 00:00:00,0.8,0.75,sell
615,2021-09-07 00:00:00,0.9,0.8,buy
616,2021-09-08 00:00:00,0.9,0.75,sell
617,2021-09-09 00:00:00,0.9,0.85,sell
618,2021-09-10 00:00:00,0.85,0.75,sell
621,2021-09-13 00:00:00,0.75,0.65,hold
622,2021-09-14 00:00:00,0.7,0.6,hold
623,2021-09-15 00:00:00,0.9,0.85,buy
624,2021-09-16 00:00:00,0.8,0.7,hold
625,2021-09-17 00:00:00,0.9,0.85,sell
628,2021-09-20 00:00:00,0.85,0.75,sell
629,2021-09-21 00:00:00,0.9,0.85,sell
630,2021-09-22 00:00:00,0.9,0.85,sell
631,2021-09-23 00:00:00,0.9,0.85,sell
632,2021-09-24 00:00:00,0.85,0.7,hold
635,2021-09-27 00:00:00,0.9,0.85,sell
636,2021-09-28 00:00:00,0.9,0.85,sell
637,2021-09-29 00:00:00,0.9,0.75,sell
638,2021-09-30 00:00:00,0.9,0.8,sell
639,2021-10-01 00:00:00,0.9,0.85,sell
642,2021-10-04 00:00:00,0.9,0.85,sell
643,2021-10-05 00:00:00,0.9,0.8,sell
644,2021-10-06 00:00:00,0.85,0.8,hold
645,2021-10-07 00:00:00,0.9,0.9,sell
646,2021-10-08 00:00:00,0.9,0.9,sell
649,2021-10-11 00:00:00,0.9,0.85,sell
650,2021-10-12 00:00:00,0.9,0.85,sell
651,2021-10-13 00:00:00,0.9,0.85,sell
652,2021-10-14 00:00:00,0.9,0.9,sell
653,2021-10-15 00:00:00,0.9,0.85,sell
656,2021-10-18 00:00:00,0.9,0.85,sell
657,2021-10-19 00:00:00,0.9,0.85,sell
658,2021-10-20 00:00:00,0.9,0.8,hold
659,2021-10-21 00:00:00,0.85,0.75,hold
660,2021-10-22 00:00:00,0.9,0.9,sell
663,2021-10-25 00:00:00,0.9,0.85,sell
664,2021-10-26 00:00:00,0.9,0.9,sell
665,2021-10-27 00:00:00,0.9,0.9,sell
666,2021-10-28 00:00:00,0.9,0.85,sell
667,2021-10-29 00:00:00,0.85,0.75,hold
670,2021-11-01 00:00:00,0.9,0.85,sell
671,2021-11-02 00:00:00,0.9,0.85,sell
672,2021-11-03 00:00:00,0.9,0.85,sell
673,2021-11-04 00:00:00,0.9,0.9,sell
674,2021-11-05 00:00:00,0.9,0.9,sell
677,2021-11-08 00:00:00,0.9,0.9,sell
678,2021-11-09 00:00:00,0.9,0.85,sell
679,2021-11-10 00:00:00,0.9,0.8,sell
680,2021-11-11 00:00:00,0.9,0.9,sell
681,2021-11-12 00:00:00,0.95,0.9,sell
684,2021-11-15 00:00:00,0.9,0.85,sell
685,2021-11-16 00:00:00,0.9,0.85,sell
686,2021-11-17 00:00:00,0.9,0.9,sell
687,2021-11-18 00:00:00,0.95,0.9,sell
688,2021-11-19 00:00:00,0.9,0.85,sell
691,2021-11-22 00:00:00,0.9,0.9,sell
692,2021-11-23 00:00:00,0.9,0.85,sell
693,2021-11-24 00:00:00,0.9,0.8,hold
694,2021-11-25 00:00:00,0.95,0.9,sell
695,2021-11-26 00:00:00,0.95,0.9,sell
698,2021-11-29 00:00:00,0.9,0.9,sell
699,2021-11-30 00:00:00,0.9,0.85,sell
700,2021-12-01 00:00:00,0.9,0.8,hold
701,2021-12-02 00:00:00,0.9,0.85,sell
702,2021-12-03 00:00:00,0.9,0.9,sell
705,2021-12-06 00:00:00,0.9,0.85,sell
706,2021-12-07 00:00:00,0.9,0.85,sell
707,2021-12-08 00:00:00,0.9,0.85,sell
708,2021-12-09 00:00:00,0.9,0.85,sell
709,2021-12-10 00:00:00,0.9,0.85,sell
712,2021-12-13 00:00:00,0.9,0.85,sell
713,2021-12-14 00:00:00,0.9,0.85,sell
714,2021-12-15 00:00:00,0.9,0.85,sell
715,2021-12-16 00:00:00,0.9,0.85,sell
716,2021-12-17 00:00:00,0.8,0.7,hold
719,2021-12-20 00:00:00,0.8,0.75,sell
720,2021-12-21 00:00:00,0.9,0.85,sell
721,2021-12-22 00:00:00,0.9,0.85,sell
722,2021-12-23 00:00:00,0.9,0.9,sell
723,2021-12-24 00:00:00,0.9,0.85,sell
726,2021-12-27 00:00:00,0.8,0.75,sell
727,2021-12-28 00:00:00,0.8,0.75,sell
728,2021-12-29 00:00:00,0.8,0.75,hold
729,2021-12-30 00:00:00,0.85,0.8,hold
730,2021-12-31 00:00:00,0.8,0.7,hold
733,2022-01-03 00:00:00,0.8,0.75,sell
734,2022-01-04 00:00:00,0.8,0.75,sell
735,2022-01-05 00:00:00,0.9,0.7,hold
736,2022-01-06 00:00:00,0.95,0.9,sell
737,2022-01-07 00:00:00,0.9,0.85,sell
740,2022-01-10 00:00:00,0.95,0.9,sell
741,2022-01-11 00:00:00,0.9,0.85,sell
742,2022-01-12 00:00:00,0.95,0.9,sell
743,2022-01-13 00:00:00,0.9,0.8,hold
744,2022-01-14 00:00:00,0.9,0.85,hold
747,2022-01-17 00:00:00,0.9,0.9,sell
748,2022-01-18 00:00:00,0.9,0.85,sell
749,2022-01-19 00:00:00,0.9,0.85,hold
750,2022-01-20 00:00:00,0.9,0.8,sell
751,2022-01-21 00:00:00,0.9,0.8,hold
754,2022-01-24 00:00:00,0.9,0.85,sell
755,2022-01-25 00:00:00,0.85,0.7,hold
756,2022-01-26 00:00:00,0.9,0.85,sell
757,2022-01-27 00:00:00,0.9,0.9,sell
758,2022-01-28 00:00:00,0.95,0.9,sell
761,2022-01-31 00:00:00,0.9,0.9,sell
762,2022-02-01 00:00:00,0.95,0.9,sell
763,2022-02-02 00:00:00,0.9,0.9,sell
764,2022-02-03 00:00:00,0.9,0.75,hold
765,2022-02-04 00:00:00,0.85,0.7,hold
768,2022-02-07 00:00:00,0.85,0.8,sell
769,2022-02-08 00:00:00,0.9,0.8,sell
770,2022-02-09 00:00:00,0.9,0.85,sell
771,2022-02-10 00:00:00,0.9,0.9,sell
772,2022-02-11 00:00:00,0.95,0.9,sell
775,2022-02-14 00:00:00,0.95,0.9,sell
776,2022-02-15 00:00:00,0.9,0.9,sell
777,2022-02-16 00:00:00,0.9,0.85,sell
778,2022-02-17 00:00:00,0.95,0.9,sell
779,2022-02-18 00:00:00,0.9,0.85,sell
782,2022-02-21 00:00:00,1.0,0.9,sell
783,2022-02-22 00:00:00,0.9,0.8,hold
784,2022-02-23 00:00:00,1.0,0.9,sell
785,2022-02-24 00:00:00,1.0,0.95,sell
786,2022-02-25 00:00:00,1.0,0.95,sell
789,2022-02-28 00:00:00,1.0,0.95,sell
790,2022-03-01 00:00:00,0.9,0.85,hold
791,2022-03-02 00:00:00,0.95,0.9,sell
792,2022-03-03 00:00:00,0.9,0.75,hold
793,2022-03-04 00:00:00,0.9,0.8,hold
796,2022-03-07 00:00:00,0.95,0.9,sell
797,2022-03-08 00:00:00,0.9,0.85,hold
798,2022-03-09 00:00:00,0.9,0.85,sell
799,2022-03-10 00:00:00,0.95,0.9,sell
800,2022-03-11 00:00:00,0.95,0.9,sell
803,2022-03-14 00:00:00,0.9,0.85,sell
804,2022-03-15 00:00:00,0.9,0.85,sell
805,2022-03-16 00:00:00,0.9,0.85,sell
806,2022-03-17 00:00:00,0.95,0.9,sell
807,2022-03-18 00:00:00,0.9,0.9,sell
810,2022-03-21 00:00:00,0.9,0.85,sell
811,2022-03-22 00:00:00,0.95,0.9,sell
812,2022-03-23 00:00:00,0.95,0.9,sell
813,2022-03-24 00:00:00,0.9,0.85,sell
814,2022-03-25 00:00:00,0.9,0.9,sell
817,2022-03-28 00:00:00,0.9,0.85,sell
818,2022-03-29 00:00:00,0.9,0.85,sell
819,2022-03-30 00:00:00,0.9,0.9,sell
820,2022-03-31 00:00:00,0.9,0.9,sell
821,2022-04-01 00:00:00,0.9,0.9,sell
824,2022-04-04 00:00:00,0.9,0.9,sell
825,2022-04-05 00:00:00,0.9,0.8,sell
826,2022-04-06 00:00:00,0.85,0.75,hold
827,2022-04-07 00:00:00,0.9,0.8,sell
828,2022-04-08 00:00:00,0.9,0.85,sell
831,2022-04-11 00:00:00,0.9,0.85,sell
832,2022-04-12 00:00:00,0.9,0.85,sell
833,2022-04-13 00:00:00,0.95,0.9,sell
834,2022-04-14 00:00:00,0.95,0.9,sell
835,2022-04-15 00:00:00,0.9,0.85,sell
838,2022-04-18 00:00:00,0.9,0.85,sell
839,2022-04-19 00:00:00,0.9,0.85,sell
840,2022-04-20 00:00:00,0.9,0.85,sell
841,2022-04-21 00:00:00,0.9,0.85,sell
842,2022-04-22 00:00:00,0.9,0.8,hold
845,2022-04-25 00:00:00,0.9,0.8,sell
846,2022-04-26 00:00:00,0.9,0.85,sell
847,2022-04-27 00:00:00,0.9,0.85,sell
848,2022-04-28 00:00:00,0.9,0.85,sell
849,2022-04-29 00:00:00,0.9,0.7,hold
852,2022-05-02 00:00:00,0.9,0.85,sell
853,2022-05-03 00:00:00,0.9,0.8,sell
854,2022-05-04 00:00:00,0.9,0.9,sell
855,2022-05-05 00:00:00,0.95,0.9,sell
856,2022-05-06 00:00:00,0.9,0.85,sell
859,2022-05-09 00:00:00,0.9,0.85,sell
860,2022-05-10 00:00:00,0.95,0.9,sell
861,2022-05-11 00:00:00,0.9,0.8,hold
862,2022-05-12 00:00:00,0.9,0.75,hold
863,2022-05-13 00:00:00,0.85,0.7,hold
866,2022-05-16 00:00:00,0.9,0.8,sell
867,2022-05-17 00:00:00,0.9,0.8,hold
868,2022-05-18 00:00:00,0.9,0.9,sell
869,2022-05-19 00:00:00,0.95,0.9,sell
870,2022-05-20 00:00:00,0.8,0.7,hold
873,2022-05-23 00:00:00,0.9,0.85,sell
874,2022-05-24 00:00:00,0.9,0.8,sell
875,2022-05-25 00:00:00,0.85,0.8,hold
876,2022-05-26 00:00:00,0.9,0.85,sell
877,2022-05-27 00:00:00,0.9,0.8,sell
880,2022-05-30 00:00:00,0.8,0.8,sell
881,2022-05-31 00:00:00,0.9,0.85,sell
882,2022-06-01 00:00:00,0.9,0.85,hold
883,2022-06-02 00:00:00,0.9,0.8,hold
884,2022-06-03 00:00:00,0.9,0.85,sell
887,2022-06-06 00:00:00,0.9,0.85,sell
888,2022-06-07 00:00:00,0.9,0.85,sell
889,2022-06-08 00:00:00,0.9,0.9,sell
890,2022-06-09 00:00:00,0.8,0.7,hold
891,2022-06-10 00:00:00,0.9,0.7,hold
894,2022-06-13 00:00:00,0.85,0.75,sell
895,2022-06-14 00:00:00,0.9,0.85,sell
896,2022-06-15 00:00:00,0.85,0.8,sell
897,2022-06-16 00:00:00,0.9,0.85,sell
898,2022-06-17 00:00:00,0.9,0.8,hold
901,2022-06-20 00:00:00,0.9,0.85,sell
902,2022-06-21 00:00:00,0.9,0.85,sell
903,2022-06-22 00:00:00,0.9,0.8,sell
904,2022-06-23 00:00:00,0.9,0.8,sell
905,2022-06-24 00:00:00,0.9,0.8,sell
908,2022-06-27 00:00:00,0.9,0.85,sell
909,2022-06-28 00:00:00,0.9,0.85,sell
910,2022-06-29 00:00:00,0.85,0.8,hold
911,2022-06-30 00:00:00,0.8,0.75,hold
912,2022-07-01 00:00:00,0.8,0.65,hold
915,2022-07-04 00:00:00,0.9,0.85,sell
916,2022-07-05 00:00:00,0.85,0.75,sell
917,2022-07-06 00:00:00,0.8,0.75,sell
918,2022-07-07 00:00:00,0.85,0.75,hold
919,2022-07-08 00:00:00,0.85,0.7,hold
922,2022-07-11 00:00:00,0.9,0.8,sell
923,2022-07-12 00:00:00,0.9,0.9,sell
924,2022-07-13 00:00:00,0.95,0.9,sell
925,2022-07-14 00:00:00,0.9,0.9,sell
926,2022-07-15 00:00:00,0.9,0.9,sell
929,2022-07-18 00:00:00,0.9,0.85,sell
930,2022-07-19 00:00:00,0.9,0.9,sell
931,2022-07-20 00:00:00,0.9,0.85,sell
932,2022-07-21 00:00:00,0.9,0.85,sell
933,2022-07-22 00:00:00,0.9,0.75,hold
936,2022-07-25 00:00:00,0.9,0.85,sell
937,2022-07-26 00:00:00,0.9,0.85,sell
938,2022-07-27 00:00:00,0.85,0.75,hold
939,2022-07-28 00:00:00,0.9,0.85,sell
940,2022-07-29 00:00:00,0.9,0.8,sell
943,2022-08-01 00:00:00,0.8,0.7,hold
944,2022-08-02 00:00:00,0.85,0.7,hold
945,2022-08-03 00:00:00,0.9,0.8,hold
946,2022-08-04 00:00:00,0.9,0.85,sell
947,2022-08-05 00:00:00,0.9,0.8,sell
950,2022-08-08 00:00:00,0.9,0.85,sell
951,2022-08-09 00:00:00,0.9,0.85,sell
952,2022-08-10 00:00:00,0.9,0.85,sell
953,2022-08-11 00:00:00,0.9,0.8,hold
954,2022-08-12 00:00:00,0.9,0.8,buy
957,2022-08-15 00:00:00,0.8,0.7,hold
958,2022-08-16 00:00:00,0.8,0.75,hold
959,2022-08-17 00:00:00,0.9,0.85,sell
960,2022-08-18 00:00:00,0.95,0.9,sell
961,2022-08-19 00:00:00,0.9,0.85,sell
964,2022-08-22 00:00:00,0.9,0.85,sell
965,2022-08-23 00:00:00,0.9,0.8,sell
966,2022-08-24 00:00:00,0.9,0.8,hold
967,2022-08-25 00:00:00,0.9,0.75,hold
968,2022-08-26 00:00:00,0.95,0.9,sell
971,2022-08-29 00:00:00,0.9,0.85,sell
972,2022-08-30 00:00:00,0.9,0.9,sell
973,2022-08-31 00:00:00,0.95,0.9,sell
974,2022-09-01 00:00:00,0.9,0.9,sell
975,2022-09-02 00:00:00,0.95,0.9,sell
978,2022-09-05 00:00:00,0.9,0.9,sell
979,2022-09-06 00:00:00,0.9,0.9,sell
980,2022-09-07 00:00:00,0.9,0.9,sell
981,2022-09-08 00:00:00,0.9,0.85,sell
982,2022-09-09 00:00:00,0.9,0.8,hold
985,2022-09-12 00:00:00,0.9,0.85,sell
986,2022-09-13 00:00:00,0.9,0.85,sell
987,2022-09-14 00:00:00,0.9,0.8,sell
988,2022-09-15 00:00:00,0.9,0.8,hold
989,2022-09-16 00:00:00,0.9,0.85,sell
992,2022-09-19 00:00:00,0.9,0.8,sell
993,2022-09-20 00:00:00,0.9,0.85,sell
994,2022-09-21 00:00:00,0.9,0.85,sell
995,2022-09-22 00:00:00,0.95,0.9,sell
996,2022-09-23 00:00:00,0.95,0.9,sell
999,2022-09-26 00:00:00,0.9,0.85,sell
1000,2022-09-27 00:00:00,0.9,0.9,sell
1001,2022-09-28 00:00:00,0.9,0.9,sell
1002,2022-09-29 00:00:00,0.9,0.9,sell
1003,2022-09-30 00:00:00,0.9,0.85,sell
1006,2022-10-03 00:00:00,0.9,0.9,sell
1007,2022-10-04 00:00:00,0.9,0.85,sell
1008,2022-10-05 00:00:00,0.9,0.75,sell
1009,2022-10-06 00:00:00,0.9,0.9,sell
1010,2022-10-07 00:00:00,0.9,0.9,sell
1013,2022-10-10 00:00:00,0.9,0.9,sell
1014,2022-10-11 00:00:00,0.9,0.85,sell
1015,2022-10-12 00:00:00,0.9,0.9,sell
1016,2022-10-13 00:00:00,0.9,0.9,sell
1017,2022-10-14 00:00:00,0.9,0.9,sell
1020,2022-10-17 00:00:00,0.9,0.85,sell
1021,2022-10-18 00:00:00,0.9,0.85,sell
1022,2022-10-19 00:00:00,0.9,0.85,sell
1023,2022-10-20 00:00:00,0.9,0.85,sell
1024,2022-10-21 00:00:00,0.9,0.85,sell
1027,2022-10-24 00:00:00,0.9,0.8,sell
1028,2022-10-25 00:00:00,0.9,0.8,hold
1029,2022-10-26 00:00:00,0.9,0.7,hold
1030,2022-10-27 00:00:00,0.7,0.8,hold
1031,2022-10-28 00:00:00,0.9,0.85,sell
1034,2022-10-31 00:00:00,0.8,0.7,sell
1035,2022-11-01 00:00:00,0.9,0.8,sell
1036,2022-11-02 00:00:00,0.85,0.75,sell
1037,2022-11-03 00:00:00,0.95,0.9,sell
1038,2022-11-04 00:00:00,0.9,0.85,sell
1041,2022-11-07 00:00:00,0.9,0.85,sell
1042,2022-11-08 00:00:00,0.85,0.8,sell
1043,2022-11-09 00:00:00,0.9,0.85,sell
1044,2022-11-10 00:00:00,0.9,0.8,sell
1045,2022-11-11 00:00:00,0.9,0.8,buy
1048,2022-11-14 00:00:00,0.7,0.6,hold
1049,2022-11-15 00:00:00,0.75,0.65,hold
1050,2022-11-16 00:00:00,0.8,0.7,hold
1051,2022-11-17 00:00:00,0.9,0.85,sell
1052,2022-11-18 00:00:00,0.85,0.75,sell
1055,2022-11-21 00:00:00,0.9,0.8,sell
1056,2022-11-22 00:00:00,0.9,0.85,sell
1057,2022-11-23 00:00:00,0.9,0.85,sell
1058,2022-11-24 00:00:00,0.85,0.75,buy
1059,2022-11-25 00:00:00,0.85,0.8,buy
1062,2022-11-28 00:00:00,0.85,0.7,hold
1063,2022-11-29 00:00:00,0.85,0.75,buy
1064,2022-11-30 00:00:00,0.8,0.65,sell
1065,2022-12-01 00:00:00,0.9,0.8,sell
1066,2022-12-02 00:00:00,0.85,0.75,buy
1069,2022-12-05 00:00:00,0.9,0.8,sell
1070,2022-12-06 00:00:00,0.9,0.9,sell
1071,2022-12-07 00:00:00,0.85,0.7,sell
1072,2022-12-08 00:00:00,0.8,0.7,buy
1073,2022-12-09 00:00:00,0.8,0.75,buy
1076,2022-12-12 00:00:00,0.8,0.75,buy
1077,2022-12-13 00:00:00,0.9,0.85,buy
1078,2022-12-14 00:00:00,0.95,0.9,buy
1079,2022-12-15 00:00:00,0.9,0.8,buy
1080,2022-12-16 00:00:00,0.9,0.8,buy
1083,2022-12-19 00:00:00,0.8,0.75,sell
1084,2022-12-20 00:00:00,0.85,0.75,sell
1085,2022-12-21 00:00:00,0.8,0.7,hold
1086,2022-12-22 00:00:00,0.8,0.75,hold
1087,2022-12-23 00:00:00,0.9,0.8,sell
1090,2022-12-26 00:00:00,0.8,0.65,hold
1091,2022-12-27 00:00:00,0.8,0.65,sell
1092,2022-12-28 00:00:00,0.85,0.75,sell
1093,2022-12-29 00:00:00,0.85,0.75,sell
1094,2022-12-30 00:00:00,0.85,0.8,hold
1097,2023-01-02 00:00:00,0.85,0.75,sell
1098,2023-01-03 00:00:00,0.9,0.8,hold
1099,2023-01-04 00:00:00,0.8,0.7,hold
1100,2023-01-05 00:00:00,0.85,0.75,buy
1101,2023-01-06 00:00:00,0.85,0.75,sell
1104,2023-01-09 00:00:00,0.7,0.8,hold
1105,2023-01-10 00:00:00,0.8,0.7,hold
1106,2023-01-11 00:00:00,0.8,0.75,sell
1107,2023-01-12 00:00:00,0.8,0.75,sell
1108,2023-01-13 00:00:00,0.9,0.8,hold
1111,2023-01-16 00:00:00,0.8,0.8,hold
1112,2023-01-17 00:00:00,0.8,0.7,hold
1113,2023-01-18 00:00:00,0.9,0.85,buy
1114,2023-01-19 00:00:00,0.9,0.85,buy
1115,2023-01-20 00:00:00,0.9,0.85,buy
1118,2023-01-23 00:00:00,0.9,0.85,buy
1119,2023-01-24 00:00:00,0.8,0.75,buy
1120,2023-01-25 00:00:00,0.8,0.7,hold
1121,2023-01-26 00:00:00,0.85,0.75,buy
1122,2023-01-27 00:00:00,0.85,0.75,buy
1125,2023-01-30 00:00:00,0.8,0.75,buy
1126,2023-01-31 00:00:00,0.8,0.7,hold
1127,2023-02-01 00:00:00,0.9,0.8,sell
1128,2023-02-02 00:00:00,0.95,0.9,sell
1129,2023-02-03 00:00:00,0.9,0.7,hold
1132,2023-02-06 00:00:00,0.8,0.75,buy
1133,2023-02-07 00:00:00,0.9,0.8,buy
1134,2023-02-08 00:00:00,0.7,0.6,hold
1135,2023-02-09 00:00:00,0.8,0.7,sell
1136,2023-02-10 00:00:00,0.8,0.7,hold
1139,2023-02-13 00:00:00,0.85,0.8,sell
1140,2023-02-14 00:00:00,0.8,0.75,sell
1141,2023-02-15 00:00:00,0.9,0.85,sell
1142,2023-02-16 00:00:00,0.95,0.9,sell
1143,2023-02-17 00:00:00,0.8,0.7,hold
1146,2023-02-20 00:00:00,0.9,0.85,buy
1147,2023-02-21 00:00:00,0.85,0.75,hold
1148,2023-02-22 00:00:00,0.85,0.7,hold
1149,2023-02-23 00:00:00,0.9,0.85,sell
1150,2023-02-24 00:00:00,0.85,0.7,hold
1153,2023-02-27 00:00:00,0.9,0.85,sell
1154,2023-02-28 00:00:00,0.85,0.75,hold
1155,2023-03-01 00:00:00,0.85,0.75,hold
1156,2023-03-02 00:00:00,0.9,0.75,buy
1157,2023-03-03 00:00:00,0.9,0.85,buy
1160,2023-03-06 00:00:00,0.7,0.8,hold
1161,2023-03-07 00:00:00,0.85,0.75,buy
1162,2023-03-08 00:00:00,0.8,0.75,hold
1163,2023-03-09 00:00:00,0.95,0.9,sell
1164,2023-03-10 00:00:00,0.85,0.75,hold
1167,2023-03-13 00:00:00,0.9,0.85,buy
1168,2023-03-14 00:00:00,0.9,0.85,buy
1169,2023-03-15 00:00:00,0.95,0.7,hold
1170,2023-03-16 00:00:00,0.9,0.8,hold
1171,2023-03-17 00:00:00,0.95,0.85,buy
1174,2023-03-20 00:00:00,0.9,0.7,hold
1175,2023-03-21 00:00:00,0.85,0.75,buy
1176,2023-03-22 00:00:00,0.85,0.75,hold
1177,2023-03-23 00:00:00,0.85,0.75,sell
1178,2023-03-24 00:00:00,0.9,0.7,hold
1181,2023-03-27 00:00:00,0.85,0.7,hold
1182,2023-03-28 00:00:00,0.8,0.7,hold
1183,2023-03-29 00:00:00,0.8,0.7,hold
1184,2023-03-30 00:00:00,0.8,0.7,hold
1185,2023-03-31 00:00:00,0.8,0.7,hold
1188,2023-04-03 00:00:00,0.8,0.7,buy
1189,2023-04-04 00:00:00,0.9,0.85,buy
1190,2023-04-05 00:00:00,0.8,0.65,hold
1191,2023-04-06 00:00:00,0.85,0.75,sell
1192,2023-04-07 00:00:00,0.8,0.7,hold
1195,2023-04-10 00:00:00,0.85,0.75,hold
1196,2023-04-11 00:00:00,0.8,0.8,hold
1197,2023-04-12 00:00:00,0.8,0.75,hold
1198,2023-04-13 00:00:00,0.9,0.85,buy
1199,2023-04-14 00:00:00,0.9,0.85,buy
1202,2023-04-17 00:00:00,0.85,0.75,hold
1203,2023-04-18 00:00:00,0.7,0.8,hold
1204,2023-04-19 00:00:00,0.85,0.8,sell
1205,2023-04-20 00:00:00,0.7,0.8,hold
1206,2023-04-21 00:00:00,0.9,0.85,buy
1209,2023-04-24 00:00:00,0.9,0.8,buy
1210,2023-04-25 00:00:00,0.85,0.75,buy
1211,2023-04-26 00:00:00,0.85,0.75,hold
1212,2023-04-27 00:00:00,0.9,0.75,hold
1213,2023-04-28 00:00:00,0.9,0.8,hold
1216,2023-05-01 00:00:00,0.9,0.85,buy
1217,2023-05-02 00:00:00,0.9,0.8,buy
1218,2023-05-03 00:00:00,0.9,0.8,buy
1219,2023-05-04 00:00:00,0.9,0.8,hold
1220,2023-05-05 00:00:00,0.9,0.75,buy
1223,2023-05-08 00:00:00,0.9,0.75,buy
1224,2023-05-09 00:00:00,0.85,0.7,hold
1225,2023-05-10 00:00:00,0.9,0.7,hold
1226,2023-05-11 00:00:00,0.85,0.6,hold
1227,2023-05-12 00:00:00,0.9,0.7,hold
1230,2023-05-15 00:00:00,0.9,0.75,buy
1231,2023-05-16 00:00:00,0.85,0.6,hold
1232,2023-05-17 00:00:00,0.9,0.7,hold
1233,2023-05-18 00:00:00,0.9,0.7,hold
1234,2023-05-19 00:00:00,0.85,0.7,hold
1237,2023-05-22 00:00:00,0.9,0.85,buy
1238,2023-05-23 00:00:00,0.9,0.8,hold
1239,2023-05-24 00:00:00,0.9,0.7,hold
1240,2023-05-25 00:00:00,0.9,0.7,hold
1241,2023-05-26 00:00:00,0.9,0.75,hold
1244,2023-05-29 00:00:00,0.9,0.8,sell
1245,2023-05-30 00:00:00,0.9,0.85,sell
1246,2023-05-31 00:00:00,0.85,0.8,sell
1247,2023-06-01 00:00:00,0.9,0.8,sell
1248,2023-06-02 00:00:00,0.9,0.85,sell
1251,2023-06-05 00:00:00,0.9,0.85,sell
1252,2023-06-06 00:00:00,0.8,0.7,hold
1253,2023-06-07 00:00:00,0.8,0.7,hold
1254,2023-06-08 00:00:00,0.8,0.65,sell
1255,2023-06-09 00:00:00,0.9,0.8,hold
1258,2023-06-12 00:00:00,0.85,0.8,sell
1259,2023-06-13 00:00:00,0.85,0.8,sell
1260,2023-06-14 00:00:00,0.85,0.75,hold
1261,2023-06-15 00:00:00,0.9,0.7,hold
1262,2023-06-16 00:00:00,0.9,0.75,hold
1265,2023-06-19 00:00:00,0.85,0.7,buy
1266,2023-06-20 00:00:00,0.85,0.7,hold
1267,2023-06-21 00:00:00,0.85,0.8,sell
1268,2023-06-22 00:00:00,0.85,0.75,sell
1269,2023-06-23 00:00:00,0.9,0.8,sell
1272,2023-06-26 00:00:00,0.9,0.85,sell
1273,2023-06-27 00:00:00,0.9,0.9,sell
1274,2023-06-28 00:00:00,0.9,0.9,sell
1275,2023-06-29 00:00:00,0.9,0.8,sell
1276,2023-06-30 00:00:00,0.9,0.8,sell
1279,2023-07-03 00:00:00,0.9,0.85,buy
1280,2023-07-04 00:00:00,0.8,0.7,hold
1281,2023-07-05 00:00:00,0.8,0.75,buy
1282,2023-07-06 00:00:00,0.9,0.8,sell
1283,2023-07-07 00:00:00,0.9,0.85,sell
1286,2023-07-10 00:00:00,0.8,0.8,hold
1287,2023-07-11 00:00:00,0.8,0.7,hold
1288,2023-07-12 00:00:00,0.8,0.7,sell
1289,2023-07-13 00:00:00,0.9,0.85,buy
1290,2023-07-14 00:00:00,0.8,0.6,hold
1293,2023-07-17 00:00:00,0.8,0.8,hold
1294,2023-07-18 00:00:00,0.85,0.85,sell
1295,2023-07-19 00:00:00,0.85,0.75,sell
1296,2023-07-20 00:00:00,0.8,0.7,sell
1297,2023-07-21 00:00:00,0.8,0.75,sell
1300,2023-07-24 00:00:00,0.7,0.8,hold
1301,2023-07-25 00:00:00,0.85,0.8,sell
1302,2023-07-26 00:00:00,0.9,0.9,sell
1303,2023-07-27 00:00:00,0.95,0.9,sell
1304,2023-07-28 00:00:00,0.9,0.9,sell
1307,2023-07-31 00:00:00,0.8,0.75,sell
1308,2023-08-01 00:00:00,0.8,0.7,sell
1309,2023-08-02 00:00:00,0.9,0.8,sell
1310,2023-08-03 00:00:00,0.9,0.8,sell
1311,2023-08-04 00:00:00,0.9,0.85,sell
1314,2023-08-07 00:00:00,0.8,0.75,sell
1315,2023-08-08 00:00:00,0.9,0.85,sell
1316,2023-08-09 00:00:00,0.85,0.8,sell
1317,2023-08-10 00:00:00,0.9,0.85,sell
1318,2023-08-11 00:00:00,0.9,0.75,sell
1321,2023-08-14 00:00:00,0.8,0.75,sell
1322,2023-08-15 00:00:00,0.7,0.7,sell
1323,2023-08-16 00:00:00,0.9,0.85,sell
1324,2023-08-17 00:00:00,0.9,0.85,sell
1325,2023-08-18 00:00:00,0.9,0.85,sell
1328,2023-08-21 00:00:00,0.85,0.8,sell
1329,2023-08-22 00:00:00,0.85,0.7,hold
1330,2023-08-23 00:00:00,0.85,0.75,hold
1331,2023-08-24 00:00:00,0.85,0.7,hold
1332,2023-08-25 00:00:00,0.9,0.8,hold
1335,2023-08-28 00:00:00,0.9,0.85,sell
1336,2023-08-29 00:00:00,0.9,0.85,sell
1337,2023-08-30 00:00:00,0.8,0.7,hold
1338,2023-08-31 00:00:00,0.85,0.75,sell
1339,2023-09-01 00:00:00,0.85,0.75,sell
1342,2023-09-04 00:00:00,0.8,0.75,sell
1343,2023-09-05 00:00:00,0.85,0.75,sell
1344,2023-09-06 00:00:00,0.9,0.8,sell
1345,2023-09-07 00:00:00,0.9,0.9,sell
1346,2023-09-08 00:00:00,0.95,0.9,sell
1349,2023-09-11 00:00:00,0.85,0.8,sell
1350,2023-09-12 00:00:00,0.9,0.85,sell
1351,2023-09-13 00:00:00,0.9,0.85,sell
1352,2023-09-14 00:00:00,0.95,0.9,sell
1353,2023-09-15 00:00:00,0.9,0.9,sell
1356,2023-09-18 00:00:00,0.8,0.6,hold
1357,2023-09-19 00:00:00,0.8,0.7,hold
1358,2023-09-20 00:00:00,0.85,0.7,hold
1359,2023-09-21 00:00:00,0.9,0.85,sell
1360,2023-09-22 00:00:00,0.9,0.85,sell
1363,2023-09-25 00:00:00,0.9,0.8,sell
1364,2023-09-26 00:00:00,0.9,0.85,sell
1365,2023-09-27 00:00:00,0.8,0.7,hold
1366,2023-09-28 00:00:00,0.8,0.7,sell
1367,2023-09-29 00:00:00,0.85,0.75,sell
1370,2023-10-02 00:00:00,0.9,0.85,sell
1371,2023-10-03 00:00:00,0.9,0.85,sell
1372,2023-10-04 00:00:00,0.9,0.9,sell
1373,2023-10-05 00:00:00,0.9,0.8,sell
1374,2023-10-06 00:00:00,0.8,0.75,sell
1377,2023-10-09 00:00:00,0.95,0.9,sell
1378,2023-10-10 00:00:00,0.95,0.9,sell
1379,2023-10-11 00:00:00,0.95,0.9,sell
1380,2023-10-12 00:00:00,0.95,0.9,sell
1381,2023-10-13 00:00:00,0.9,0.9,sell
1384,2023-10-16 00:00:00,0.9,0.85,sell
1385,2023-10-17 00:00:00,0.9,0.7,hold
1386,2023-10-18 00:00:00,0.9,0.9,sell
1387,2023-10-19 00:00:00,0.9,0.85,sell
1388,2023-10-20 00:00:00,0.9,0.85,sell
1391,2023-10-23 00:00:00,0.9,0.85,sell
1392,2023-10-24 00:00:00,0.9,0.85,sell
1393,2023-10-25 00:00:00,0.9,0.9,sell
1394,2023-10-26 00:00:00,0.9,0.9,sell
1395,2023-10-27 00:00:00,0.95,0.9,sell
1398,2023-10-30 00:00:00,0.9,0.85,sell
1399,2023-10-31 00:00:00,0.9,0.9,sell
1400,2023-11-01 00:00:00,0.9,0.85,sell
1401,2023-11-02 00:00:00,0.9,0.9,sell
1402,2023-11-03 00:00:00,0.9,0.85,sell
1405,2023-11-06 00:00:00,0.85,0.75,sell
1406,2023-11-07 00:00:00,0.85,0.8,sell
1407,2023-11-08 00:00:00,0.9,0.85,sell
1408,2023-11-09 00:00:00,0.9,0.85,sell
1409,2023-11-10 00:00:00,0.9,0.8,hold
1412,2023-11-13 00:00:00,0.8,0.75,sell
1413,2023-11-14 00:00:00,0.8,0.7,hold
1414,2023-11-15 00:00:00,0.85,0.7,hold
1415,2023-11-16 00:00:00,0.9,0.85,hold
1416,2023-11-17 00:00:00,0.9,0.7,hold
1419,2023-11-20 00:00:00,0.85,0.75,sell
1420,2023-11-21 00:00:00,0.85,0.6,hold
1421,2023-11-22 00:00:00,0.9,0.7,hold
1422,2023-11-23 00:00:00,0.8,0.65,hold
1423,2023-11-24 00:00:00,0.85,0.7,hold
1426,2023-11-27 00:00:00,0.9,0.85,sell
1427,2023-11-28 00:00:00,0.85,0.75,buy
1428,2023-11-29 00:00:00,0.8,0.8,hold
1429,2023-11-30 00:00:00,0.9,0.85,sell
1430,2023-12-01 00:00:00,0.9,0.75,sell
1433,2023-12-04 00:00:00,0.85,0.8,sell
1434,2023-12-05 00:00:00,0.85,0.75,buy
1435,2023-12-06 00:00:00,0.85,0.8,hold
1436,2023-12-07 00:00:00,0.8,0.7,hold
1437,2023-12-08 00:00:00,0.8,0.65,hold
1440,2023-12-11 00:00:00,0.8,0.7,hold
1441,2023-12-12 00:00:00,0.7,0.65,hold
1442,2023-12-13 00:00:00,0.8,0.7,buy
1443,2023-12-14 00:00:00,0.9,0.8,sell
1444,2023-12-15 00:00:00,0.9,0.8,sell
1447,2023-12-18 00:00:00,0.85,0.8,sell
1448,2023-12-19 00:00:00,0.9,0.85,sell
1449,2023-12-20 00:00:00,0.9,0.85,sell
1450,2023-12-21 00:00:00,0.9,0.85,sell
1451,2023-12-22 00:00:00,0.8,0.75,sell
1454,2023-12-25 00:00:00,0.85,0.75,sell
1455,2023-12-26 00:00:00,0.85,0.8,sell
1456,2023-12-27 00:00:00,0.85,0.75,sell
1457,2023-12-28 00:00:00,0.9,0.8,sell
1458,2023-12-29 00:00:00,0.85,0.75,hold
1462,2024-01-02 00:00:00,0.7,0.65,sell
1463,2024-01-03 00:00:00,0.8,0.6,hold
1464,2024-01-04 00:00:00,0.85,0.75,hold
1465,2024-01-05 00:00:00,0.85,0.8,sell
1468,2024-01-08 00:00:00,0.7,0.6,hold
1469,2024-01-09 00:00:00,0.8,0.65,hold
1470,2024-01-10 00:00:00,0.85,0.75,sell
1471,2024-01-11 00:00:00,0.85,0.75,buy
1472,2024-01-12 00:00:00,0.85,0.75,sell
1475,2024-01-15 00:00:00,0.8,0.7,hold
1476,2024-01-16 00:00:00,0.9,0.85,sell
1477,2024-01-17 00:00:00,0.8,0.7,hold
1478,2024-01-18 00:00:00,0.9,0.85,sell
1479,2024-01-19 00:00:00,0.85,0.8,sell
1482,2024-01-22 00:00:00,0.9,0.7,hold
1483,2024-01-23 00:00:00,0.85,0.8,sell
1484,2024-01-24 00:00:00,0.9,0.8,sell
1485,2024-01-25 00:00:00,0.8,0.7,sell
1486,2024-01-26 00:00:00,0.85,0.75,buy
1489,2024-01-29 00:00:00,0.85,0.7,hold
1490,2024-01-30 00:00:00,0.85,0.7,hold
1491,2024-01-31 00:00:00,0.9,0.65,hold
1492,2024-02-01 00:00:00,0.9,0.85,sell
1493,2024-02-02 00:00:00,0.9,0.85,sell
1496,2024-02-05 00:00:00,0.9,0.85,sell
1497,2024-02-06 00:00:00,0.9,0.9,sell
1498,2024-02-07 00:00:00,0.9,0.85,sell
1499,2024-02-08 00:00:00,0.9,0.85,sell
1500,2024-02-09 00:00:00,0.8,0.7,hold
1503,2024-02-12 00:00:00,0.8,0.75,sell
1504,2024-02-13 00:00:00,0.85,0.75,sell
1505,2024-02-14 00:00:00,0.9,0.85,sell
1506,2024-02-15 00:00:00,0.8,0.7,hold
1507,2024-02-16 00:00:00,0.85,0.8,hold
1510,2024-02-19 00:00:00,0.6,0.8,hold
1511,2024-02-20 00:00:00,0.8,0.7,hold
1512,2024-02-21 00:00:00,0.8,0.7,hold
1513,2024-02-22 00:00:00,0.9,0.8,sell
1514,2024-02-23 00:00:00,0.9,0.85,sell
1517,2024-02-26 00:00:00,0.9,0.85,sell
1518,2024-02-27 00:00:00,0.85,0.8,sell
1519,2024-02-28 00:00:00,0.8,0.75,buy
1520,2024-02-29 00:00:00,0.8,0.7,hold
1521,2024-03-01 00:00:00,0.8,0.7,hold
1524,2024-03-04 00:00:00,0.85,0.8,sell
1525,2024-03-05 00:00:00,0.85,0.8,sell
1526,2024-03-06 00:00:00,0.8,0.7,hold
1527,2024-03-07 00:00:00,0.9,0.9,sell
1528,2024-03-08 00:00:00,0.9,0.85,sell
1531,2024-03-11 00:00:00,0.85,0.75,sell
1532,2024-03-12 00:00:00,0.9,0.85,sell
1533,2024-03-13 00:00:00,0.95,0.9,sell
1534,2024-03-14 00:00:00,0.9,0.9,sell
1535,2024-03-15 00:00:00,0.9,0.85,sell
1538,2024-03-18 00:00:00,0.8,0.75,sell
1539,2024-03-19 00:00:00,0.85,0.8,hold
1540,2024-03-20 00:00:00,0.9,0.85,sell
1541,2024-03-21 00:00:00,0.9,0.85,sell
1542,2024-03-22 00:00:00,0.9,0.85,sell
1545,2024-03-25 00:00:00,0.9,0.85,sell
1546,2024-03-26 00:00:00,0.85,0.75,sell
1547,2024-03-27 00:00:00,0.9,0.85,sell
1548,2024-03-28 00:00:00,0.85,0.75,sell
1549,2024-03-29 00:00:00,0.9,0.9,sell
1552,2024-04-01 00:00:00,0.85,0.8,sell
1553,2024-04-02 00:00:00,0.9,0.85,sell
1554,2024-04-03 00:00:00,0.9,0.85,sell
1555,2024-04-04 00:00:00,0.85,0.75,hold
1556,2024-04-05 00:00:00,0.85,0.8,hold
1559,2024-04-08 00:00:00,0.9,0.85,sell
1560,2024-04-09 00:00:00,0.9,0.85,sell
1561,2024-04-10 00:00:00,0.9,0.85,sell
1562,2024-04-11 00:00:00,0.9,0.9,sell
1563,2024-04-12 00:00:00,0.9,0.85,sell
1566,2024-04-15 00:00:00,0.9,0.9,sell
1567,2024-04-16 00:00:00,0.95,0.9,sell
1568,2024-04-17 00:00:00,0.9,0.85,sell
1569,2024-04-18 00:00:00,0.9,0.9,sell
1570,2024-04-19 00:00:00,0.9,0.85,sell
1573,2024-04-22 00:00:00,0.9,0.85,sell
1574,2024-04-23 00:00:00,0.8,0.75,sell
1575,2024-04-24 00:00:00,0.8,0.7,hold
1576,2024-04-25 00:00:00,0.9,0.85,sell
1577,2024-04-26 00:00:00,0.9,0.7,hold
1580,2024-04-29 00:00:00,0.8,0.75,sell
1581,2024-04-30 00:00:00,0.85,0.8,sell
1582,2024-05-01 00:00:00,0.9,0.8,buy
1583,2024-05-02 00:00:00,0.9,0.7,hold
1584,2024-05-03 00:00:00,0.9,0.85,sell
1587,2024-05-06 00:00:00,0.85,0.8,sell
1588,2024-05-07 00:00:00,0.9,0.8,hold
1589,2024-05-08 00:00:00,0.8,0.75,hold
1590,2024-05-09 00:00:00,0.8,0.8,sell
1591,2024-05-10 00:00:00,0.85,0.8,hold
1594,2024-05-13 00:00:00,0.85,0.75,sell
1595,2024-05-14 00:00:00,0.9,0.8,sell
1596,2024-05-15 00:00:00,0.95,0.9,sell
1597,2024-05-16 00:00:00,0.95,0.9,sell
1598,2024-05-17 00:00:00,0.9,0.85,sell
1601,2024-05-20 00:00:00,0.9,0.85,sell
1602,2024-05-21 00:00:00,0.9,0.85,sell
1603,2024-05-22 00:00:00,0.9,0.85,sell
1604,2024-05-23 00:00:00,0.9,0.9,sell
1605,2024-05-24 00:00:00,0.9,0.8,sell
1608,2024-05-27 00:00:00,0.9,0.8,sell
1609,2024-05-28 00:00:00,0.95,0.9,sell
1610,2024-05-29 00:00:00,0.9,0.9,sell
1611,2024-05-30 00:00:00,0.9,0.85,sell
1612,2024-05-31 00:00:00,0.9,0.85,hold
1615,2024-06-03 00:00:00,0.9,0.9,sell
1616,2024-06-04 00:00:00,0.9,0.85,sell
1617,2024-06-05 00:00:00,0.9,0.85,sell
1618,2024-06-06 00:00:00,0.9,0.9,sell
1619,2024-06-07 00:00:00,0.95,0.9,sell
1622,2024-06-10 00:00:00,0.9,0.8,sell
1623,2024-06-11 00:00:00,0.9,0.85,sell
1624,2024-06-12 00:00:00,0.9,0.85,sell
1625,2024-06-13 00:00:00,0.9,0.7,hold
1626,2024-06-14 00:00:00,0.9,0.8,hold
1629,2024-06-17 00:00:00,0.9,0.85,sell
1630,2024-06-18 00:00:00,0.9,0.8,sell
1631,2024-06-19 00:00:00,0.9,0.9,sell
1632,2024-06-20 00:00:00,0.9,0.85,sell
1633,2024-06-21 00:00:00,0.9,0.75,hold
1636,2024-06-24 00:00:00,0.9,0.85,sell
1637,2024-06-25 00:00:00,0.9,0.85,sell
1638,2024-06-26 00:00:00,0.9,0.7,hold
1639,2024-06-27 00:00:00,0.9,0.85,hold
1640,2024-06-28 00:00:00,0.9,0.85,sell
1643,2024-07-01 00:00:00,0.9,0.85,sell
1644,2024-07-02 00:00:00,0.85,0.75,hold
1645,2024-07-03 00:00:00,0.9,0.85,sell
1646,2024-07-04 00:00:00,0.9,0.65,hold
1647,2024-07-05 00:00:00,0.9,0.7,hold
1650,2024-07-08 00:00:00,0.9,0.85,sell
1651,2024-07-09 00:00:00,0.9,0.85,sell
1652,2024-07-10 00:00:00,0.9,0.85,sell
1653,2024-07-11 00:00:00,0.9,0.85,sell
1654,2024-07-12 00:00:00,0.9,0.7,hold
1657,2024-07-15 00:00:00,0.85,0.8,sell
1658,2024-07-16 00:00:00,0.9,0.85,sell
1659,2024-07-17 00:00:00,0.9,0.85,sell
1660,2024-07-18 00:00:00,0.9,0.85,sell
1661,2024-07-19 00:00:00,0.85,0.75,hold
1664,2024-07-22 00:00:00,0.8,0.7,hold
1665,2024-07-23 00:00:00,0.85,0.7,hold
1666,2024-07-24 00:00:00,0.7,0.65,hold
1667,2024-07-25 00:00:00,0.7,0.75,hold
1668,2024-07-26 00:00:00,0.8,0.8,hold
1671,2024-07-29 00:00:00,0.7,0.8,hold
1672,2024-07-30 00:00:00,0.6,0.6,hold
1673,2024-07-31 00:00:00,0.8,0.7,hold
1674,2024-08-01 00:00:00,0.9,0.85,sell
1675,2024-08-02 00:00:00,0.85,0.7,hold
1678,2024-08-05 00:00:00,0.85,0.75,sell
1679,2024-08-06 00:00:00,0.8,0.6,hold
1680,2024-08-07 00:00:00,0.9,0.75,buy
1681,2024-08-08 00:00:00,0.9,0.8,buy
1682,2024-08-09 00:00:00,0.8,0.7,hold
1685,2024-08-12 00:00:00,0.5,0.6,hold
1686,2024-08-13 00:00:00,0.8,0.7,hold
1687,2024-08-14 00:00:00,0.85,0.75,sell
1688,2024-08-15 00:00:00,0.85,0.75,buy
1689,2024-08-16 00:00:00,0.7,0.6,hold
1692,2024-08-19 00:00:00,0.6,0.7,hold
1693,2024-08-20 00:00:00,0.75,0.7,hold
1694,2024-08-21 00:00:00,0.8,0.7,hold
1695,2024-08-22 00:00:00,0.9,0.75,buy
1696,2024-08-23 00:00:00,0.9,0.8,buy
1699,2024-08-26 00:00:00,0.9,0.85,buy
1700,2024-08-27 00:00:00,0.9,0.75,buy
1701,2024-08-28 00:00:00,0.9,0.85,buy
1702,2024-08-29 00:00:00,0.9,0.85,buy
1703,2024-08-30 00:00:00,0.8,0.7,hold
1706,2024-09-02 00:00:00,0.85,0.8,buy
1707,2024-09-03 00:00:00,0.9,0.85,buy
1708,2024-09-04 00:00:00,0.9,0.85,buy
1709,2024-09-05 00:00:00,0.9,0.85,buy
1710,2024-09-06 00:00:00,0.85,0.75,buy
1713,2024-09-09 00:00:00,0.85,0.75,buy
1714,2024-09-10 00:00:00,0.85,0.8,buy
1715,2024-09-11 00:00:00,0.85,0.75,buy
1716,2024-09-12 00:00:00,0.9,0.85,buy
1717,2024-09-13 00:00:00,0.85,0.7,hold
1720,2024-09-16 00:00:00,0.8,0.75,sell
1721,2024-09-17 00:00:00,0.8,0.7,hold
1722,2024-09-18 00:00:00,0.9,0.75,hold
1723,2024-09-19 00:00:00,0.95,0.9,buy
1724,2024-09-20 00:00:00,0.9,0.8,buy
1727,2024-09-23 00:00:00,0.8,0.7,hold
1728,2024-09-24 00:00:00,0.9,0.75,sell
1729,2024-09-25 00:00:00,0.9,0.75,sell
1730,2024-09-26 00:00:00,0.85,0.7,hold
1731,2024-09-27 00:00:00,0.85,0.7,hold
1734,2024-09-30 00:00:00,0.85,0.7,hold
1735,2024-10-01 00:00:00,0.85,0.75,hold
1736,2024-10-02 00:00:00,0.85,0.75,sell
1737,2024-10-03 00:00:00,0.9,0.85,sell
1738,2024-10-04 00:00:00,0.9,0.85,sell
1741,2024-10-07 00:00:00,0.8,0.7,hold
1742,2024-10-08 00:00:00,0.85,0.8,sell
1743,2024-10-09 00:00:00,0.85,0.8,sell
1744,2024-10-10 00:00:00,0.8,0.7,hold
1745,2024-10-11 00:00:00,0.9,0.75,hold
1748,2024-10-14 00:00:00,0.85,0.7,hold
1749,2024-10-15 00:00:00,0.85,0.75,hold
1750,2024-10-16 00:00:00,0.8,0.75,hold
1751,2024-10-17 00:00:00,0.8,0.7,hold
1752,2024-10-18 00:00:00,0.95,0.9,sell
1755,2024-10-21 00:00:00,0.9,0.85,sell
1756,2024-10-22 00:00:00,0.85,0.8,sell
1757,2024-10-23 00:00:00,0.9,0.85,sell
1758,2024-10-24 00:00:00,0.9,0.85,sell
1759,2024-10-25 00:00:00,0.85,0.75,sell
1762,2024-10-28 00:00:00,0.85,0.8,sell
1763,2024-10-29 00:00:00,0.85,0.8,sell
1764,2024-10-30 00:00:00,0.8,0.75,sell
1765,2024-10-31 00:00:00,0.85,0.75,sell
1766,2024-11-01 00:00:00,0.8,0.6,hold
1769,2024-11-04 00:00:00,0.6,0.7,hold
1770,2024-11-05 00:00:00,0.9,0.8,sell
1771,2024-11-06 00:00:00,0.9,0.85,sell
1772,2024-11-07 00:00:00,0.95,0.9,sell
1773,2024-11-08 00:00:00,0.9,0.8,sell
1776,2024-11-11 00:00:00,0.9,0.85,sell
1777,2024-11-12 00:00:00,0.9,0.85,sell
1778,2024-11-13 00:00:00,0.9,0.85,sell
1779,2024-11-14 00:00:00,0.9,0.85,sell
1780,2024-11-15 00:00:00,0.9,0.85,sell
1783,2024-11-18 00:00:00,0.9,0.8,sell
1784,2024-11-19 00:00:00,0.9,0.85,sell
1785,2024-11-20 00:00:00,0.9,0.85,sell
1786,2024-11-21 00:00:00,0.9,0.8,sell
1787,2024-11-22 00:00:00,0.8,0.75,sell
1790,2024-11-25 00:00:00,0.9,0.85,sell
1791,2024-11-26 00:00:00,0.9,0.85,sell
1792,2024-11-27 00:00:00,0.8,0.75,sell
1793,2024-11-28 00:00:00,0.9,0.85,sell
1794,2024-11-29 00:00:00,0.9,0.85,sell
1797,2024-12-02 00:00:00,0.9,0.85,sell
1798,2024-12-03 00:00:00,0.9,0.85,sell
1799,2024-12-04 00:00:00,0.9,0.85,sell
1800,2024-12-05 00:00:00,0.9,0.8,sell
1801,2024-12-06 00:00:00,0.9,0.8,sell
1804,2024-12-09 00:00:00,0.9,0.85,sell
1805,2024-12-10 00:00:00,0.8,0.6,hold
1806,2024-12-11 00:00:00,0.8,0.7,hold
1807,2024-12-12 00:00:00,0.9,0.85,sell
1808,2024-12-13 00:00:00,0.9,0.6,hold
1811,2024-12-16 00:00:00,0.85,0.8,sell
1812,2024-12-17 00:00:00,0.9,0.85,sell
1813,2024-12-18 00:00:00,0.9,0.8,sell
1814,2024-12-19 00:00:00,0.9,0.85,sell
1815,2024-12-20 00:00:00,0.9,0.85,sell
1818,2024-12-23 00:00:00,0.85,0.8,sell
1819,2024-12-24 00:00:00,0.9,0.85,buy
1820,2024-12-25 00:00:00,0.85,0.7,hold
1821,2024-12-26 00:00:00,0.8,0.75,sell
1822,2024-12-27 00:00:00,0.7,0.65,sell
1825,2024-12-30 00:00:00,0.9,0.75,sell
1826,2024-12-31 00:00:00,0.9,0.75,sell
1828,2025-01-02 00:00:00,0.85,0.75,hold
1829,2025-01-03 00:00:00,0.9,0.85,sell
1832,2025-01-06 00:00:00,0.9,0.85,sell
1833,2025-01-07 00:00:00,0.9,0.85,sell
1834,2025-01-08 00:00:00,0.9,0.9,sell
1835,2025-01-09 00:00:00,0.9,0.9,sell
1836,2025-01-10 00:00:00,0.9,0.8,sell
1839,2025-01-13 00:00:00,0.9,0.85,sell
1840,2025-01-14 00:00:00,0.8,0.75,sell
1841,2025-01-15 00:00:00,0.9,0.8,sell
1842,2025-01-16 00:00:00,0.9,0.85,sell
1843,2025-01-17 00:00:00,0.9,0.85,sell
1846,2025-01-20 00:00:00,0.9,0.8,sell
1847,2025-01-21 00:00:00,0.9,0.85,sell
1848,2025-01-22 00:00:00,0.9,0.9,sell
1849,2025-01-23 00:00:00,0.9,0.9,sell
1850,2025-01-24 00:00:00,0.9,0.8,sell
1853,2025-01-27 00:00:00,0.9,0.85,sell
1854,2025-01-28 00:00:00,0.9,0.8,sell
1855,2025-01-29 00:00:00,0.9,0.8,sell
1856,2025-01-30 00:00:00,0.9,0.85,sell
1857,2025-01-31 00:00:00,0.95,0.9,sell
1860,2025-02-03 00:00:00,0.9,0.9,sell
1861,2025-02-04 00:00:00,0.9,0.9,sell
1862,2025-02-05 00:00:00,0.9,0.9,sell
1863,2025-02-06 00:00:00,0.9,0.85,sell
1864,2025-02-07 00:00:00,0.9,0.85,sell
1867,2025-02-10 00:00:00,0.95,0.9,sell
1868,2025-02-11 00:00:00,0.9,0.85,sell
1869,2025-02-12 00:00:00,0.9,0.85,sell
1870,2025-02-13 00:00:00,0.95,0.9,sell
1871,2025-02-14 00:00:00,0.9,0.9,sell
1874,2025-02-17 00:00:00,0.9,0.9,sell
1875,2025-02-18 00:00:00,0.9,0.85,sell
1876,2025-02-19 00:00:00,0.85,0.8,hold
1877,2025-02-20 00:00:00,0.9,0.8,hold
1878,2025-02-21 00:00:00,0.9,0.8,sell
1881,2025-02-24 00:00:00,0.9,0.85,sell
1882,2025-02-25 00:00:00,0.9,0.85,sell
1883,2025-02-26 00:00:00,0.9,0.85,sell
1884,2025-02-27 00:00:00,0.8,0.7,hold
1885,2025-02-28 00:00:00,0.9,0.7,hold
1888,2025-03-03 00:00:00,0.85,0.65,hold
1889,2025-03-04 00:00:00,0.9,0.9,sell
1890,2025-03-05 00:00:00,0.95,0.9,sell
1891,2025-03-06 00:00:00,0.9,0.85,sell
1892,2025-03-07 00:00:00,0.95,0.9,sell
1895,2025-03-10 00:00:00,0.9,0.85,sell
1896,2025-03-11 00:00:00,0.9,0.85,sell
1897,2025-03-12 00:00:00,0.9,0.9,sell
1898,2025-03-13 00:00:00,0.9,0.8,hold
1899,2025-03-14 00:00:00,0.9,0.75,hold
1902,2025-03-17 00:00:00,0.9,0.85,sell
1903,2025-03-18 00:00:00,0.9,0.9,sell
1904,2025-03-19 00:00:00,0.9,0.85,sell
1905,2025-03-20 00:00:00,0.85,0.7,hold
1906,2025-03-21 00:00:00,0.8,0.75,hold
1909,2025-03-24 00:00:00,0.9,0.85,sell
1910,2025-03-25 00:00:00,0.85,0.8,buy
1911,2025-03-26 00:00:00,0.95,0.88,buy
1912,2025-03-27 00:00:00,0.85,0.7,hold
1913,2025-03-28 00:00:00,0.9,0.9,sell
1916,2025-03-31 00:00:00,0.9,0.85,sell
1917,2025-04-01 00:00:00,0.95,0.9,sell
1918,2025-04-02 00:00:00,0.9,0.8,sell
1919,2025-04-03 00:00:00,0.95,0.9,sell
1920,2025-04-04 00:00:00,0.95,0.9,sell
1923,2025-04-07 00:00:00,0.9,0.9,sell
1924,2025-04-08 00:00:00,0.95,0.9,sell
1925,2025-04-09 00:00:00,0.95,0.9,sell
1926,2025-04-10 00:00:00,0.9,0.85,sell
1927,2025-04-11 00:00:00,0.9,0.8,hold
1930,2025-04-14 00:00:00,0.9,0.8,sell
1931,2025-04-15 00:00:00,0.9,0.75,sell
1932,2025-04-16 00:00:00,0.85,0.75,hold
1933,2025-04-17 00:00:00,0.9,0.85,sell
1934,2025-04-18 00:00:00,0.9,0.85,sell
1937,2025-04-21 00:00:00,0.9,0.85,sell
1938,2025-04-22 00:00:00,0.9,0.7,hold
1939,2025-04-23 00:00:00,0.9,0.8,buy
1940,2025-04-24 00:00:00,0.9,0.85,sell
1941,2025-04-25 00:00:00,0.9,0.85,sell
1944,2025-04-28 00:00:00,0.9,0.85,sell
1945,2025-04-29 00:00:00,0.9,0.85,sell
1946,2025-04-30 00:00:00,0.85,0.75,sell
1947,2025-05-01 00:00:00,0.9,0.85,buy
1948,2025-05-02 00:00:00,0.9,0.85,buy
1951,2025-05-05 00:00:00,0.9,0.85,sell
1952,2025-05-06 00:00:00,0.9,0.8,sell
1953,2025-05-07 00:00:00,0.85,0.8,hold
1954,2025-05-08 00:00:00,0.85,0.8,hold
1955,2025-05-09 00:00:00,0.9,0.8,sell
1958,2025-05-12 00:00:00,0.85,0.75,sell
1959,2025-05-13 00:00:00,0.85,0.75,sell
1960,2025-05-14 00:00:00,0.9,0.9,sell
1961,2025-05-15 00:00:00,0.9,0.85,sell
1962,2025-05-16 00:00:00,0.8,0.65,hold
1965,2025-05-19 00:00:00,0.85,0.7,hold
1966,2025-05-20 00:00:00,0.9,0.7,hold
1967,2025-05-21 00:00:00,0.85,0.7,hold
1968,2025-05-22 00:00:00,0.8,0.7,hold
1969,2025-05-23 00:00:00,0.9,0.75,hold
1972,2025-05-26 00:00:00,0.9,0.9,sell
1973,2025-05-27 00:00:00,0.9,0.85,sell
1974,2025-05-28 00:00:00,0.9,0.85,sell
1975,2025-05-29 00:00:00,0.9,0.85,sell
1976,2025-05-30 00:00:00,0.8,0.7,hold
1979,2025-06-02 00:00:00,0.9,0.7,hold
1980,2025-06-03 00:00:00,0.85,0.75,sell
1981,2025-06-04 00:00:00,0.85,0.6,hold
1982,2025-06-05 00:00:00,0.85,0.8,hold
1983,2025-06-06 00:00:00,0.9,0.75,hold
1986,2025-06-09 00:00:00,0.95,0.9,sell
1987,2025-06-10 00:00:00,0.95,0.9,sell
1988,2025-06-11 00:00:00,0.9,0.9,sell
1989,2025-06-12 00:00:00,0.9,0.85,sell
1990,2025-06-13 00:00:00,0.9,0.85,sell
1993,2025-06-16 00:00:00,0.95,0.9,sell
1994,2025-06-17 00:00:00,0.9,0.85,sell
1995,2025-06-18 00:00:00,0.9,0.7,hold
1996,2025-06-19 00:00:00,0.85,0.75,hold
1997,2025-06-20 00:00:00,0.8,0.7,hold
2000,2025-06-23 00:00:00,0.9,0.85,sell
2001,2025-06-24 00:00:00,0.9,0.85,sell
2002,2025-06-25 00:00:00,0.85,0.75,sell
2003,2025-06-26 00:00:00,0.85,0.75,sell
2004,2025-06-27 00:00:00,0.85,0.8,sell
2007,2025-06-30 00:00:00,0.8,0.8,sell
2008,2025-07-01 00:00:00,0.85,0.8,sell
2009,2025-07-02 00:00:00,0.9,0.85,sell
2010,2025-07-03 00:00:00,0.9,0.7,hold
2011,2025-07-04 00:00:00,0.9,0.85,sell
2014,2025-07-07 00:00:00,0.95,0.9,sell
2015,2025-07-08 00:00:00,0.9,0.75,hold
2016,2025-07-09 00:00:00,0.85,0.8,hold
2017,2025-07-10 00:00:00,0.8,0.75,hold
2018,2025-07-11 00:00:00,0.9,0.85,sell
2021,2025-07-14 00:00:00,0.9,0.85,sell
2022,2025-07-15 00:00:00,0.9,0.9,sell
2023,2025-07-16 00:00:00,0.95,0.9,sell
2024,2025-07-17 00:00:00,0.95,0.9,sell
2025,2025-07-18 00:00:00,0.9,0.9,sell
2028,2025-07-21 00:00:00,0.9,0.85,sell
2029,2025-07-22 00:00:00,0.9,0.85,sell
2030,2025-07-23 00:00:00,0.9,0.8,sell
2031,2025-07-24 00:00:00,0.85,0.7,hold
2032,2025-07-25 00:00:00,0.85,0.65,hold
2035,2025-07-28 00:00:00,0.85,0.8,sell
2036,2025-07-29 00:00:00,0.9,0.85,sell
2037,2025-07-30 00:00:00,0.85,0.75,sell
2038,2025-07-31 00:00:00,0.95,0.9,sell
2039,2025-08-01 00:00:00,0.95,0.95,sell
2042,2025-08-04 00:00:00,0.85,0.7,hold
2043,2025-08-05 00:00:00,0.9,0.85,buy
2044,2025-08-06 00:00:00,0.9,0.85,buy
2045,2025-08-07 00:00:00,0.85,0.7,hold
2046,2025-08-08 00:00:00,0.9,0.85,sell
2049,2025-08-11 00:00:00,0.8,0.7,sell
2050,2025-08-12 00:00:00,0.7,0.6,hold
2051,2025-08-13 00:00:00,0.9,0.85,buy
2052,2025-08-14 00:00:00,0.9,0.85,buy
2053,2025-08-15 00:00:00,0.9,0.9,sell
2056,2025-08-18 00:00:00,0.7,0.6,hold
2057,2025-08-19 00:00:00,0.7,0.75,sell
2058,2025-08-20 00:00:00,0.85,0.8,sell
2059,2025-08-21 00:00:00,0.85,0.8,sell
2060,2025-08-22 00:00:00,0.9,0.75,hold
2063,2025-08-25 00:00:00,0.9,0.8,sell
2064,2025-08-26 00:00:00,0.8,0.7,hold
2065,2025-08-27 00:00:00,0.9,0.75,hold
2066,2025-08-28 00:00:00,0.9,0.6,hold
2067,2025-08-29 00:00:00,0.9,0.85,sell
2070,2025-09-01 00:00:00,0.8,0.7,hold
2071,2025-09-02 00:00:00,0.9,0.85,buy
2072,2025-09-03 00:00:00,0.8,0.65,hold
2073,2025-09-04 00:00:00,0.8,0.8,hold
2074,2025-09-05 00:00:00,0.9,0.85,buy
2077,2025-09-08 00:00:00,0.9,0.7,hold
2078,2025-09-09 00:00:00,0.9,0.8,hold
2079,2025-09-10 00:00:00,0.9,0.8,hold
2080,2025-09-11 00:00:00,0.9,0.7,hold
2081,2025-09-12 00:00:00,0.9,0.85,sell
2084,2025-09-15 00:00:00,0.85,0.75,sell
2085,2025-09-16 00:00:00,0.85,0.7,hold
2086,2025-09-17 00:00:00,0.9,0.85,sell
2087,2025-09-18 00:00:00,0.9,0.65,hold
2088,2025-09-19 00:00:00,0.9,0.7,hold
2091,2025-09-22 00:00:00,0.9,0.85,buy
2092,2025-09-23 00:00:00,0.85,0.75,buy
2093,2025-09-24 00:00:00,0.85,0.75,buy
2094,2025-09-25 00:00:00,0.85,0.75,hold
2095,2025-09-26 00:00:00,0.85,0.75,sell
2098,2025-09-29 00:00:00,0.9,0.85,buy
2099,2025-09-30 00:00:00,0.9,0.85,buy
2100,2025-10-01 00:00:00,0.9,0.85,buy
2101,2025-10-02 00:00:00,0.9,0.85,buy
2102,2025-10-03 00:00:00,0.9,0.85,buy
2105,2025-10-06 00:00:00,0.9,0.85,buy
2106,2025-10-07 00:00:00,0.9,0.6,hold
2107,2025-10-08 00:00:00,0.9,0.8,hold
2108,2025-10-09 00:00:00,0.9,0.8,hold
2109,2025-10-10 00:00:00,0.85,0.75,hold
2112,2025-10-13 00:00:00,0.85,0.75,hold
2113,2025-10-14 00:00:00,0.85,0.75,hold
2114,2025-10-15 00:00:00,0.9,0.8,buy
2115,2025-10-16 00:00:00,0.8,0.7,hold
2116,2025-10-17 00:00:00,0.85,0.75,buy
2119,2025-10-20 00:00:00,0.9,0.7,hold
2120,2025-10-21 00:00:00,0.85,0.7,hold
2121,2025-10-22 00:00:00,0.9,0.7,hold
2122,2025-10-23 00:00:00,0.8,0.6,hold
2123,2025-10-24 00:00:00,0.8,0.6,hold
2126,2025-10-27 00:00:00,0.8,0.6,hold
2127,2025-10-28 00:00:00,0.85,0.75,buy
2128,2025-10-29 00:00:00,0.8,0.75,sell
2129,2025-10-30 00:00:00,0.9,0.85,buy
2130,2025-10-31 00:00:00,0.9,0.85,buy
2133,2025-11-03 00:00:00,0.9,0.85,buy
2134,2025-11-04 00:00:00,0.9,0.85,buy
2135,2025-11-05 00:00:00,0.9,0.85,buy
2136,2025-11-06 00:00:00,0.8,0.7,hold
2137,2025-11-07 00:00:00,0.8,0.7,hold
2140,2025-11-10 00:00:00,0.85,0.75,buy
2141,2025-11-11 00:00:00,0.8,0.7,buy
2142,2025-11-12 00:00:00,0.85,0.8,buy
2143,2025-11-13 00:00:00,0.85,0.75,buy
2144,2025-11-14 00:00:00,0.8,0.65,hold
2147,2025-11-17 00:00:00,0.9,0.8,hold
2148,2025-11-18 00:00:00,0.8,0.75,hold
2149,2025-11-19 00:00:00,0.9,0.85,buy
2150,2025-11-20 00:00:00,0.9,0.85,buy
2151,2025-11-21 00:00:00,0.85,0.75,hold
2154,2025-11-24 00:00:00,0.85,0.75,buy
2155,2025-11-25 00:00:00,0.85,0.75,buy
2156,2025-11-26 00:00:00,0.9,0.8,hold
2157,2025-11-27 00:00:00,0.9,0.8,buy
2158,2025-11-28 00:00:00,0.9,0.85,buy
2161,2025-12-01 00:00:00,0.85,0.75,buy
2162,2025-12-02 00:00:00,0.8,0.65,hold
2163,2025-12-03 00:00:00,0.85,0.8,buy
2164,2025-12-04 00:00:00,0.9,0.85,buy
2165,2025-12-05 00:00:00,0.8,0.6,hold
2168,2025-12-08 00:00:00,0.8,0.75,buy
2169,2025-12-09 00:00:00,0.85,0.8,buy
2170,2025-12-10 00:00:00,0.75,0.6,hold
2171,2025-12-11 00:00:00,0.9,0.75,hold
2172,2025-12-12 00:00:00,0.9,0.7,hold
2175,2025-12-15 00:00:00,0.85,0.8,sell
2176,2025-12-16 00:00:00,0.85,0.8,buy
2177,2025-12-17 00:00:00,0.95,0.9,buy
2178,2025-12-18 00:00:00,0.95,0.9,buy
2179,2025-12-19 00:00:00,0.9,0.85,buy
2182,2025-12-22 00:00:00,0.85,0.75,sell
2183,2025-12-23 00:00:00,0.85,0.75,sell
2184,2025-12-24 00:00:00,0.9,0.85,sell
2186,2025-12-26 00:00:00,0.75,0.6,hold
2189,2025-12-29 00:00:00,0.8,0.75,buy
2190,2025-12-30 00:00:00,0.85,0.75,hold
2191,2025-12-31 00:00:00,0.8,0.7,hold
2193,2026-01-02 00:00:00,0.8,0.75,hold
2196,2026-01-05 00:00:00,0.9,0.8,buy
2197,2026-01-06 00:00:00,0.95,0.85,sell
2198,2026-01-07 00:00:00,0.9,0.75,sell
2199,2026-01-08 00:00:00,0.9,0.8,sell
2200,2026-01-09 00:00:00,0.9,0.85,sell
2203,2026-01-12 00:00:00,0.85,0.7,hold
2204,2026-01-13 00:00:00,0.9,0.85,buy
2205,2026-01-14 00:00:00,0.9,0.7,hold
2206,2026-01-15 00:00:00,0.8,0.65,buy
2207,2026-01-16 00:00:00,0.9,0.7,hold
2210,2026-01-19 00:00:00,0.8,0.85,buy
2211,2026-01-20 00:00:00,0.8,0.65,hold
2212,2026-01-21 00:00:00,0.9,0.7,hold
2213,2026-01-22 00:00:00,0.9,0.8,buy
2214,2026-01-23 00:00:00,0.9,0.85,sell
2217,2026-01-26 00:00:00,0.8,0.65,hold
2218,2026-01-27 00:00:00,0.85,0.7,hold
2219,2026-01-28 00:00:00,0.9,0.85,buy
2220,2026-01-29 00:00:00,0.8,0.75,hold
2221,2026-01-30 00:00:00,0.9,0.75,sell
2224,2026-02-02 00:00:00,0.8,0.65,buy
2225,2026-02-03 00:00:00,0.9,0.85,sell
2226,2026-02-04 00:00:00,0.9,0.85,sell
2227,2026-02-05 00:00:00,0.9,0.85,sell
2228,2026-02-06 00:00:00,0.9,0.75,sell
2231,2026-02-09 00:00:00,0.8,0.7,hold
2232,2026-02-10 00:00:00,0.8,0.7,hold
2233,2026-02-11 00:00:00,0.9,0.85,buy
2234,2026-02-12 00:00:00,0.9,0.85,sell
2235,2026-02-13 00:00:00,0.85,0.8,sell
2238,2026-02-16 00:00:00,0.8,0.6,hold
2239,2026-02-17 00:00:00,0.75,0.8,sell
2240,2026-02-18 00:00:00,0.85,0.75,sell
2241,2026-02-19 00:00:00,0.8,0.85,sell
2242,2026-02-20 00:00:00,0.9,0.85,sell
2245,2026-02-23 00:00:00,0.9,0.85,sell
2246,2026-02-24 00:00:00,0.85,0.8,sell
2247,2026-02-25 00:00:00,0.8,0.7,hold
2248,2026-02-26 00:00:00,0.95,0.9,sell
2249,2026-02-27 00:00:00,0.9,0.85,sell
2252,2026-03-02 00:00:00,1.0,0.95,sell
2253,2026-03-03 00:00:00,0.95,0.9,sell
2254,2026-03-04 00:00:00,0.95,0.9,sell
2255,2026-03-05 00:00:00,0.95,0.9,sell
2256,2026-03-06 00:00:00,0.95,0.95,sell
2259,2026-03-09 00:00:00,0.9,0.8,sell
2260,2026-03-10 00:00:00,0.95,0.9,sell
2261,2026-03-11 00:00:00,0.95,0.9,sell
2262,2026-03-12 00:00:00,0.95,0.9,sell
2263,2026-03-13 00:00:00,0.95,0.9,sell
2266,2026-03-16 00:00:00,0.95,0.9,sell
2267,2026-03-17 00:00:00,0.95,0.9,sell
2268,2026-03-18 00:00:00,0.9,0.85,sell
2269,2026-03-19 00:00:00,0.95,0.9,sell
2270,2026-03-20 00:00:00,0.9,0.85,sell
2273,2026-03-23 00:00:00,0.9,0.85,sell
2274,2026-03-24 00:00:00,0.9,0.75,hold
2275,2026-03-25 00:00:00,0.9,0.85,sell
2276,2026-03-26 00:00:00,0.9,0.85,sell
2277,2026-03-27 00:00:00,0.95,0.9,sell
2280,2026-03-30 00:00:00,0.9,0.85,sell
2281,2026-03-31 00:00:00,0.9,0.7,hold
2282,2026-04-01 00:00:00,0.9,0.85,buy
2283,2026-04-02 00:00:00,0.9,0.85,sell
2284,2026-04-03 00:00:00,0.9,0.9,sell
2287,2026-04-06 00:00:00,0.9,0.85,sell
2288,2026-04-07 00:00:00,0.9,0.85,sell
2289,2026-04-08 00:00:00,0.9,0.85,sell
2290,2026-04-09 00:00:00,1.0,0.9,buy
2291,2026-04-10 00:00:00,0.9,0.8,sell
2294,2026-04-13 00:00:00,0.9,0.8,sell
2295,2026-04-14 00:00:00,0.9,0.75,hold
2296,2026-04-15 00:00:00,0.9,0.7,hold
2297,2026-04-16 00:00:00,0.9,0.85,sell
2298,2026-04-17 00:00:00,0.9,0.75,buy
2301,2026-04-20 00:00:00,0.85,0.75,buy
2302,2026-04-21 00:00:00,0.9,0.75,hold
2303,2026-04-22 00:00:00,0.9,0.85,sell
2304,2026-04-23 00:00:00,0.95,0.9,sell
2305,2026-04-24 00:00:00,0.9,0.85,sell
2308,2026-04-27 00:00:00,0.9,0.8,sell
2309,2026-04-28 00:00:00,0.9,0.8,sell
2310,2026-04-29 00:00:00,0.85,0.75,hold
2311,2026-04-30 00:00:00,0.85,0.7,hold
2312,2026-05-01 00:00:00,0.95,0.9,sell
2315,2026-05-04 00:00:00,0.85,0.75,sell
2316,2026-05-05 00:00:00,0.85,0.8,hold
2317,2026-05-06 00:00:00,0.9,0.85,sell
2318,2026-05-07 00:00:00,0.8,0.65,buy
2319,2026-05-08 00:00:00,0.85,0.8,sell
2322,2026-05-11 00:00:00,0.8,0.75,sell
2323,2026-05-12 00:00:00,0.9,0.85,sell
2324,2026-05-13 00:00:00,0.9,0.9,sell
2325,2026-05-14 00:00:00,0.95,0.9,sell
2326,2026-05-15 00:00:00,0.85,0.7,hold
2329,2026-05-18 00:00:00,0.9,0.8,sell
2330,2026-05-19 00:00:00,0.9,0.8,sell
2331,2026-05-20 00:00:00,0.9,0.85,sell
2332,2026-05-21 00:00:00,0.9,0.75,hold
2333,2026-05-22 00:00:00,0.9,0.8,hold
2336,2026-05-25 00:00:00,0.9,0.8,sell
2337,2026-05-26 00:00:00,0.85,0.75,buy
2338,2026-05-27 00:00:00,0.9,0.8,hold
2339,2026-05-28 00:00:00,0.9,0.8,hold
2340,2026-05-29 00:00:00,0.9,0.7,hold
2343,2026-06-01 00:00:00,0.85,0.65,hold
2344,2026-06-02 00:00:00,0.9,0.85,sell
