Date,Signal_Date,Prob_Up,Best_Delta,Signal,Direction_Correct,Actual_Dir,Pred_Dir
2020-01-02,2019-12-31,0.4065,0.05,SELL,True,0,0
2020-01-03,2020-01-02,0.4138,0.05,SELL,True,0,0
2020-01-06,2020-01-03,0.4198,0.05,SELL,True,0,0
2020-01-07,2020-01-06,0.4267,0.05,SELL,True,0,0
2020-01-08,2020-01-07,0.4195,0.05,SELL,False,1,0
2020-01-09,2020-01-08,0.443,0.05,SELL,False,1,0
2020-01-10,2020-01-09,0.4494,0.05,SELL,False,1,0
2020-01-13,2020-01-10,0.4458,0.05,SELL,True,0,0
2020-01-14,2020-01-13,0.477,0.05,HOLD,,0,-1
2020-01-15,2020-01-14,0.4618,0.05,HOLD,,0,-1
2020-01-16,2020-01-15,0.4637,0.05,HOLD,,0,-1
2020-01-17,2020-01-16,0.4645,0.05,HOLD,,0,-1
2020-01-20,2020-01-17,0.4926,0.05,HOLD,,0,-1
2020-01-21,2020-01-20,0.5117,0.05,HOLD,,0,-1
2020-01-22,2020-01-21,0.5376,0.05,HOLD,,0,-1
2020-01-23,2020-01-22,0.5882,0.05,BUY,False,0,1
2020-01-24,2020-01-23,0.5325,0.05,HOLD,,1,-1
2020-01-27,2020-01-24,0.5512,0.05,BUY,True,1,1
2020-01-28,2020-01-27,0.546,0.05,HOLD,,1,-1
2020-01-29,2020-01-28,0.5706,0.05,BUY,True,1,1
2020-01-30,2020-01-29,0.5584,0.05,BUY,False,0,1
2020-01-31,2020-01-30,0.5587,0.05,BUY,False,0,1
2020-02-03,2020-01-31,0.514,0.05,HOLD,,0,-1
2020-02-04,2020-02-03,0.453,0.05,HOLD,,0,-1
2020-02-05,2020-02-04,0.5383,0.05,HOLD,,0,-1
2020-02-06,2020-02-05,0.5331,0.05,HOLD,,0,-1
2020-02-07,2020-02-06,0.5327,0.05,HOLD,,0,-1
2020-02-10,2020-02-07,0.5294,0.05,HOLD,,0,-1
2020-02-11,2020-02-10,0.5532,0.05,BUY,False,0,1
2020-02-12,2020-02-11,0.528,0.05,HOLD,,0,-1
2020-02-13,2020-02-12,0.5316,0.05,HOLD,,0,-1
2020-02-14,2020-02-13,0.5789,0.05,BUY,False,0,1
2020-02-17,2020-02-14,0.5349,0.05,HOLD,,1,-1
2020-02-18,2020-02-17,0.5135,0.05,HOLD,,1,-1
2020-02-19,2020-02-18,0.4965,0.05,HOLD,,1,-1
2020-02-20,2020-02-19,0.5006,0.05,HOLD,,1,-1
2020-02-21,2020-02-20,0.4846,0.05,HOLD,,1,-1
2020-02-24,2020-02-21,0.4901,0.05,HOLD,,1,-1
2020-02-25,2020-02-24,0.4857,0.05,HOLD,,1,-1
2020-02-26,2020-02-25,0.4333,0.05,SELL,False,1,0
2020-02-27,2020-02-26,0.4839,0.05,HOLD,,1,-1
2020-02-28,2020-02-27,0.4756,0.05,HOLD,,1,-1
2020-03-02,2020-02-28,0.4928,0.05,HOLD,,1,-1
2020-03-03,2020-03-02,0.4831,0.05,HOLD,,1,-1
2020-03-04,2020-03-03,0.4836,0.05,HOLD,,1,-1
2020-03-05,2020-03-04,0.442,0.05,SELL,False,1,0
2020-03-06,2020-03-05,0.431,0.05,SELL,True,0,0
2020-03-09,2020-03-06,0.4565,0.05,HOLD,,0,-1
2020-03-10,2020-03-09,0.4551,0.05,HOLD,,0,-1
2020-03-11,2020-03-10,0.4322,0.05,SELL,True,0,0
2020-03-12,2020-03-11,0.4255,0.05,SELL,True,0,0
2020-03-13,2020-03-12,0.4358,0.05,SELL,True,0,0
2020-03-16,2020-03-13,0.4285,0.05,SELL,True,0,0
2020-03-17,2020-03-16,0.4568,0.05,HOLD,,0,-1
2020-03-18,2020-03-17,0.4449,0.05,SELL,True,0,0
2020-03-19,2020-03-18,0.4472,0.05,SELL,False,1,0
2020-03-20,2020-03-19,0.4483,0.05,SELL,False,1,0
2020-03-23,2020-03-20,0.467,0.05,HOLD,,1,-1
2020-03-24,2020-03-23,0.4659,0.05,HOLD,,1,-1
2020-03-25,2020-03-24,0.4355,0.05,SELL,False,1,0
2020-03-26,2020-03-25,0.4727,0.05,HOLD,,0,-1
2020-03-27,2020-03-26,0.4666,0.05,HOLD,,0,-1
2020-03-30,2020-03-27,0.4872,0.05,HOLD,,0,-1
2020-03-31,2020-03-30,0.484,0.05,HOLD,,0,-1
2020-04-01,2020-03-31,0.5078,0.05,HOLD,,0,-1
2020-04-02,2020-04-01,0.5068,0.05,HOLD,,0,-1
2020-04-03,2020-04-02,0.5006,0.05,HOLD,,1,-1
2020-04-06,2020-04-03,0.5159,0.05,HOLD,,1,-1
2020-04-07,2020-04-06,0.5184,0.05,HOLD,,1,-1
2020-04-08,2020-04-07,0.4985,0.05,HOLD,,1,-1
2020-04-09,2020-04-08,0.4824,0.05,HOLD,,0,-1
2020-04-10,2020-04-09,0.4613,0.05,HOLD,,0,-1
2020-04-13,2020-04-10,0.4564,0.05,HOLD,,0,-1
2020-04-14,2020-04-13,0.4775,0.05,HOLD,,0,-1
2020-04-15,2020-04-14,0.5135,0.05,HOLD,,0,-1
2020-04-16,2020-04-15,0.522,0.05,HOLD,,0,-1
2020-04-17,2020-04-16,0.5129,0.05,HOLD,,0,-1
2020-04-20,2020-04-17,0.5372,0.05,HOLD,,0,-1
2020-04-21,2020-04-20,0.539,0.05,HOLD,,0,-1
2020-04-22,2020-04-21,0.5422,0.05,HOLD,,0,-1
2020-04-23,2020-04-22,0.5418,0.05,HOLD,,1,-1
2020-04-24,2020-04-23,0.5587,0.05,BUY,True,1,1
2020-04-27,2020-04-24,0.5788,0.05,BUY,True,1,1
2020-04-28,2020-04-27,0.6004,0.05,BUY,True,1,1
2020-04-29,2020-04-28,0.5915,0.05,BUY,False,0,1
2020-04-30,2020-04-29,0.5659,0.05,BUY,False,0,1
2020-05-01,2020-04-30,0.5668,0.05,BUY,False,0,1
2020-05-04,2020-05-01,0.5571,0.05,BUY,False,0,1
2020-05-05,2020-05-04,0.546,0.05,HOLD,,0,-1
2020-05-06,2020-05-05,0.5308,0.05,HOLD,,1,-1
2020-05-07,2020-05-06,0.551,0.05,BUY,False,0,1
2020-05-08,2020-05-07,0.5372,0.05,HOLD,,0,-1
2020-05-11,2020-05-08,0.5557,0.05,BUY,True,1,1
2020-05-12,2020-05-11,0.5601,0.05,BUY,True,1,1
2020-05-13,2020-05-12,0.5673,0.05,BUY,True,1,1
2020-05-14,2020-05-13,0.5653,0.05,BUY,True,1,1
2020-05-15,2020-05-14,0.5518,0.05,BUY,True,1,1
2020-05-18,2020-05-15,0.5573,0.05,BUY,False,0,1
2020-05-19,2020-05-18,0.5121,0.05,HOLD,,0,-1
2020-05-20,2020-05-19,0.5625,0.05,BUY,True,1,1
2020-05-21,2020-05-20,0.5864,0.05,BUY,True,1,1
2020-05-22,2020-05-21,0.5773,0.05,BUY,True,1,1
2020-05-25,2020-05-22,0.604,0.05,BUY,True,1,1
2020-05-26,2020-05-25,0.609,0.05,BUY,True,1,1
2020-05-27,2020-05-26,0.5826,0.05,BUY,True,1,1
2020-05-28,2020-05-27,0.5923,0.05,BUY,True,1,1
2020-05-29,2020-05-28,0.5719,0.05,BUY,True,1,1
2020-06-01,2020-05-29,0.6157,0.05,BUY,True,1,1
2020-06-02,2020-06-01,0.5899,0.05,BUY,True,1,1
2020-06-03,2020-06-02,0.5797,0.05,BUY,True,1,1
2020-06-04,2020-06-03,0.5673,0.05,BUY,True,1,1
2020-06-05,2020-06-04,0.5696,0.05,BUY,True,1,1
2020-06-08,2020-06-05,0.5694,0.05,BUY,False,0,1
2020-06-09,2020-06-08,0.5198,0.05,HOLD,,0,-1
2020-06-10,2020-06-09,0.5274,0.05,HOLD,,0,-1
2020-06-11,2020-06-10,0.5512,0.05,BUY,False,0,1
2020-06-12,2020-06-11,0.5595,0.05,BUY,False,0,1
2020-06-15,2020-06-12,0.5669,0.05,BUY,False,0,1
2020-06-16,2020-06-15,0.5443,0.05,HOLD,,0,-1
2020-06-17,2020-06-16,0.5606,0.05,BUY,True,1,1
2020-06-18,2020-06-17,0.5756,0.05,BUY,True,1,1
2020-06-19,2020-06-18,0.5891,0.05,BUY,True,1,1
2020-06-22,2020-06-19,0.5759,0.05,BUY,False,0,1
2020-06-23,2020-06-22,0.573,0.05,BUY,False,0,1
2020-06-24,2020-06-23,0.5644,0.05,BUY,False,0,1
2020-06-25,2020-06-24,0.5613,0.05,BUY,True,1,1
2020-06-26,2020-06-25,0.5531,0.05,BUY,True,1,1
2020-06-29,2020-06-26,0.555,0.05,BUY,True,1,1
2020-06-30,2020-06-29,0.5578,0.05,BUY,True,1,1
2020-07-01,2020-06-30,0.5196,0.05,HOLD,,1,-1
2020-07-02,2020-07-01,0.5707,0.05,BUY,True,1,1
2020-07-03,2020-07-02,0.6029,0.05,BUY,True,1,1
2020-07-06,2020-07-03,0.5844,0.05,BUY,False,0,1
2020-07-07,2020-07-06,0.5976,0.05,BUY,True,1,1
2020-07-08,2020-07-07,0.5691,0.05,BUY,True,1,1
2020-07-09,2020-07-08,0.5786,0.05,BUY,True,1,1
2020-07-10,2020-07-09,0.5864,0.05,BUY,True,1,1
2020-07-13,2020-07-10,0.5762,0.05,BUY,True,1,1
2020-07-14,2020-07-13,0.5696,0.05,BUY,True,1,1
2020-07-15,2020-07-14,0.5528,0.05,BUY,True,1,1
2020-07-16,2020-07-15,0.5579,0.05,BUY,True,1,1
2020-07-17,2020-07-16,0.5601,0.05,BUY,True,1,1
2020-07-20,2020-07-17,0.59,0.05,BUY,True,1,1
2020-07-21,2020-07-20,0.5966,0.05,BUY,True,1,1
2020-07-22,2020-07-21,0.5955,0.05,BUY,True,1,1
2020-07-23,2020-07-22,0.58,0.05,BUY,True,1,1
2020-07-24,2020-07-23,0.5815,0.05,BUY,True,1,1
2020-07-27,2020-07-24,0.5839,0.05,BUY,True,1,1
2020-07-28,2020-07-27,0.595,0.05,BUY,True,1,1
2020-07-29,2020-07-28,0.5799,0.05,BUY,True,1,1
2020-07-30,2020-07-29,0.598,0.05,BUY,True,1,1
2020-07-31,2020-07-30,0.5921,0.05,BUY,True,1,1
2020-08-03,2020-07-31,0.5948,0.05,BUY,True,1,1
2020-08-04,2020-08-03,0.5722,0.05,BUY,False,0,1
2020-08-05,2020-08-04,0.5932,0.05,BUY,False,0,1
2020-08-06,2020-08-05,0.608,0.05,BUY,False,0,1
2020-08-07,2020-08-06,0.6004,0.05,BUY,True,1,1
2020-08-10,2020-08-07,0.6101,0.05,BUY,True,1,1
2020-08-11,2020-08-10,0.5958,0.05,BUY,True,1,1
2020-08-12,2020-08-11,0.6084,0.05,BUY,True,1,1
2020-08-13,2020-08-12,0.6192,0.05,BUY,True,1,1
2020-08-14,2020-08-13,0.6265,0.05,BUY,True,1,1
2020-08-17,2020-08-14,0.6482,0.05,BUY,False,0,1
2020-08-18,2020-08-17,0.6362,0.05,BUY,False,0,1
2020-08-19,2020-08-18,0.6431,0.05,BUY,False,0,1
2020-08-20,2020-08-19,0.6532,0.05,BUY,False,0,1
2020-08-21,2020-08-20,0.6366,0.05,BUY,True,1,1
2020-08-24,2020-08-21,0.6475,0.05,BUY,True,1,1
2020-08-25,2020-08-24,0.6213,0.05,BUY,True,1,1
2020-08-26,2020-08-25,0.6451,0.05,BUY,True,1,1
2020-08-27,2020-08-26,0.6403,0.05,BUY,True,1,1
2020-08-28,2020-08-27,0.6352,0.05,BUY,False,0,1
2020-08-31,2020-08-28,0.6158,0.05,BUY,False,0,1
2020-09-01,2020-08-31,0.6007,0.05,BUY,False,0,1
2020-09-02,2020-09-01,0.5978,0.05,BUY,False,0,1
2020-09-03,2020-09-02,0.588,0.05,BUY,False,0,1
2020-09-04,2020-09-03,0.5862,0.05,BUY,False,0,1
2020-09-07,2020-09-04,0.5729,0.05,BUY,True,1,1
2020-09-08,2020-09-07,0.5934,0.05,BUY,True,1,1
2020-09-09,2020-09-08,0.5718,0.05,BUY,True,1,1
2020-09-10,2020-09-09,0.5533,0.05,BUY,True,1,1
2020-09-11,2020-09-10,0.5446,0.05,HOLD,,1,-1
2020-09-14,2020-09-11,0.5507,0.05,BUY,False,0,1
2020-09-15,2020-09-14,0.5523,0.05,BUY,False,0,1
2020-09-16,2020-09-15,0.5383,0.05,HOLD,,0,-1
2020-09-17,2020-09-16,0.583,0.05,BUY,False,0,1
2020-09-18,2020-09-17,0.5777,0.05,BUY,False,0,1
2020-09-21,2020-09-18,0.5615,0.05,BUY,False,0,1
2020-09-22,2020-09-21,0.5233,0.05,HOLD,,0,-1
2020-09-23,2020-09-22,0.5062,0.05,HOLD,,1,-1
2020-09-24,2020-09-23,0.5243,0.05,HOLD,,1,-1
2020-09-25,2020-09-24,0.5348,0.05,HOLD,,1,-1
2020-09-28,2020-09-25,0.5353,0.05,HOLD,,1,-1
2020-09-29,2020-09-28,0.5221,0.05,HOLD,,1,-1
2020-09-30,2020-09-29,0.5209,0.05,HOLD,,1,-1
2020-10-01,2020-09-30,0.535,0.05,HOLD,,1,-1
2020-10-02,2020-10-01,0.5025,0.05,HOLD,,1,-1
2020-10-05,2020-10-02,0.5405,0.05,HOLD,,1,-1
2020-10-06,2020-10-05,0.5291,0.05,HOLD,,1,-1
2020-10-07,2020-10-06,0.4965,0.05,HOLD,,0,-1
2020-10-08,2020-10-07,0.5217,0.05,HOLD,,0,-1
2020-10-09,2020-10-08,0.5238,0.05,HOLD,,0,-1
2020-10-12,2020-10-09,0.5224,0.05,HOLD,,0,-1
2020-10-13,2020-10-12,0.5126,0.05,HOLD,,1,-1
2020-10-14,2020-10-13,0.4671,0.05,HOLD,,1,-1
2020-10-15,2020-10-14,0.528,0.05,HOLD,,1,-1
2020-10-16,2020-10-15,0.5261,0.05,HOLD,,1,-1
2020-10-19,2020-10-16,0.5629,0.05,BUY,True,1,1
2020-10-20,2020-10-19,0.5467,0.05,HOLD,,0,-1
2020-10-21,2020-10-20,0.5337,0.05,HOLD,,0,-1
2020-10-22,2020-10-21,0.5523,0.05,BUY,False,0,1
2020-10-23,2020-10-22,0.5934,0.05,BUY,False,0,1
2020-10-26,2020-10-23,0.5931,0.05,BUY,False,0,1
2020-10-27,2020-10-26,0.5663,0.05,BUY,False,0,1
2020-10-28,2020-10-27,0.5913,0.05,BUY,False,0,1
2020-10-29,2020-10-28,0.6054,0.05,BUY,True,1,1
2020-10-30,2020-10-29,0.6191,0.05,BUY,True,1,1
2020-11-02,2020-10-30,0.6165,0.05,BUY,True,1,1
2020-11-03,2020-11-02,0.5992,0.05,BUY,True,1,1
2020-11-04,2020-11-03,0.584,0.05,BUY,True,1,1
2020-11-05,2020-11-04,0.5773,0.05,BUY,False,0,1
2020-11-06,2020-11-05,0.5887,0.05,BUY,False,0,1
2020-11-09,2020-11-06,0.5914,0.05,BUY,True,1,1
2020-11-10,2020-11-09,0.5947,0.05,BUY,True,1,1
2020-11-11,2020-11-10,0.5475,0.05,HOLD,,1,-1
2020-11-12,2020-11-11,0.5688,0.05,BUY,True,1,1
2020-11-13,2020-11-12,0.5691,0.05,BUY,True,1,1
2020-11-16,2020-11-13,0.5428,0.05,HOLD,,1,-1
2020-11-17,2020-11-16,0.5449,0.05,HOLD,,0,-1
2020-11-18,2020-11-17,0.5145,0.05,HOLD,,1,-1
2020-11-19,2020-11-18,0.5402,0.05,HOLD,,1,-1
2020-11-20,2020-11-19,0.5506,0.05,BUY,True,1,1
2020-11-23,2020-11-20,0.5677,0.05,BUY,True,1,1
2020-11-24,2020-11-23,0.5619,0.05,BUY,True,1,1
2020-11-25,2020-11-24,0.5477,0.05,HOLD,,1,-1
2020-11-26,2020-11-25,0.5398,0.05,HOLD,,1,-1
2020-11-27,2020-11-26,0.557,0.05,BUY,True,1,1
2020-11-30,2020-11-27,0.5513,0.05,BUY,True,1,1
2020-12-01,2020-11-30,0.5463,0.05,HOLD,,1,-1
2020-12-02,2020-12-01,0.5466,0.05,HOLD,,0,-1
2020-12-03,2020-12-02,0.5549,0.05,BUY,False,0,1
2020-12-04,2020-12-03,0.5792,0.05,BUY,True,1,1
2020-12-07,2020-12-04,0.5928,0.05,BUY,True,1,1
2020-12-08,2020-12-07,0.6078,0.05,BUY,True,1,1
2020-12-09,2020-12-08,0.5864,0.05,BUY,True,1,1
2020-12-10,2020-12-09,0.572,0.05,BUY,True,1,1
2020-12-11,2020-12-10,0.6332,0.05,BUY,True,1,1
2020-12-14,2020-12-11,0.6092,0.05,BUY,True,1,1
2020-12-15,2020-12-14,0.5761,0.05,BUY,True,1,1
2020-12-16,2020-12-15,0.5947,0.05,BUY,False,0,1
2020-12-17,2020-12-16,0.5813,0.05,BUY,False,0,1
2020-12-18,2020-12-17,0.5287,0.05,HOLD,,0,-1
2020-12-21,2020-12-18,0.5374,0.05,HOLD,,0,-1
2020-12-22,2020-12-21,0.5075,0.05,HOLD,,1,-1
2020-12-23,2020-12-22,0.5266,0.05,HOLD,,1,-1
2020-12-24,2020-12-23,0.5126,0.05,HOLD,,1,-1
2020-12-28,2020-12-24,0.5434,0.05,HOLD,,1,-1
2020-12-29,2020-12-28,0.5457,0.05,HOLD,,1,-1
2020-12-30,2020-12-29,0.5312,0.05,HOLD,,1,-1
2020-12-31,2020-12-30,0.551,0.05,BUY,True,1,1
2021-01-04,2020-12-31,0.5091,0.015,HOLD,,0,-1
2021-01-05,2021-01-04,0.506,0.015,HOLD,,0,-1
2021-01-06,2021-01-05,0.4867,0.015,HOLD,,0,-1
2021-01-07,2021-01-06,0.4841,0.015,SELL,True,0,0
2021-01-08,2021-01-07,0.4974,0.015,HOLD,,0,-1
2021-01-11,2021-01-08,0.4952,0.015,HOLD,,0,-1
2021-01-12,2021-01-11,0.4799,0.015,SELL,True,0,0
2021-01-13,2021-01-12,0.4774,0.015,SELL,True,0,0
2021-01-14,2021-01-13,0.4822,0.015,SELL,True,0,0
2021-01-15,2021-01-14,0.4832,0.015,SELL,False,1,0
2021-01-18,2021-01-15,0.4903,0.015,HOLD,,1,-1
2021-01-19,2021-01-18,0.4949,0.015,HOLD,,1,-1
2021-01-20,2021-01-19,0.502,0.015,HOLD,,1,-1
2021-01-21,2021-01-20,0.5016,0.015,HOLD,,0,-1
2021-01-22,2021-01-21,0.5006,0.015,HOLD,,0,-1
2021-01-25,2021-01-22,0.497,0.015,HOLD,,0,-1
2021-01-26,2021-01-25,0.4968,0.015,HOLD,,0,-1
2021-01-27,2021-01-26,0.4881,0.015,HOLD,,0,-1
2021-01-28,2021-01-27,0.473,0.015,SELL,True,0,0
2021-01-29,2021-01-28,0.4792,0.015,SELL,True,0,0
2021-02-01,2021-01-29,0.4757,0.015,SELL,True,0,0
2021-02-02,2021-02-01,0.487,0.015,HOLD,,1,-1
2021-02-03,2021-02-02,0.4858,0.015,HOLD,,1,-1
2021-02-04,2021-02-03,0.5008,0.015,HOLD,,1,-1
2021-02-05,2021-02-04,0.4973,0.015,HOLD,,1,-1
2021-02-08,2021-02-05,0.5019,0.015,HOLD,,1,-1
2021-02-09,2021-02-08,0.5044,0.015,HOLD,,1,-1
2021-02-10,2021-02-09,0.5258,0.015,BUY,False,0,1
2021-02-11,2021-02-10,0.5257,0.015,BUY,False,0,1
2021-02-12,2021-02-11,0.5313,0.015,BUY,False,0,1
2021-02-15,2021-02-12,0.5243,0.015,BUY,False,0,1
2021-02-16,2021-02-15,0.5314,0.015,BUY,True,1,1
2021-02-17,2021-02-16,0.5322,0.015,BUY,True,1,1
2021-02-18,2021-02-17,0.5275,0.015,BUY,True,1,1
2021-02-19,2021-02-18,0.5241,0.015,BUY,True,1,1
2021-02-22,2021-02-19,0.5202,0.015,BUY,False,0,1
2021-02-23,2021-02-22,0.5225,0.015,BUY,False,0,1
2021-02-24,2021-02-23,0.506,0.015,HOLD,,0,-1
2021-02-25,2021-02-24,0.5087,0.015,HOLD,,0,-1
2021-02-26,2021-02-25,0.5058,0.015,HOLD,,0,-1
2021-03-01,2021-02-26,0.5059,0.015,HOLD,,0,-1
2021-03-02,2021-03-01,0.5011,0.015,HOLD,,0,-1
2021-03-03,2021-03-02,0.4939,0.015,HOLD,,0,-1
2021-03-04,2021-03-03,0.4866,0.015,HOLD,,0,-1
2021-03-05,2021-03-04,0.4886,0.015,HOLD,,1,-1
2021-03-08,2021-03-05,0.4848,0.015,SELL,False,1,0
2021-03-09,2021-03-08,0.4767,0.015,SELL,False,1,0
2021-03-10,2021-03-09,0.4773,0.015,SELL,True,0,0
2021-03-11,2021-03-10,0.4778,0.015,SELL,True,0,0
2021-03-12,2021-03-11,0.4636,0.015,SELL,True,0,0
2021-03-15,2021-03-12,0.472,0.015,SELL,True,0,0
2021-03-16,2021-03-15,0.4834,0.015,SELL,False,1,0
2021-03-17,2021-03-16,0.4736,0.015,SELL,True,0,0
2021-03-18,2021-03-17,0.4771,0.015,SELL,True,0,0
2021-03-19,2021-03-18,0.4769,0.015,SELL,True,0,0
2021-03-22,2021-03-19,0.4869,0.015,HOLD,,0,-1
2021-03-23,2021-03-22,0.4817,0.015,SELL,True,0,0
2021-03-24,2021-03-23,0.4818,0.015,SELL,True,0,0
2021-03-25,2021-03-24,0.5027,0.015,HOLD,,0,-1
2021-03-26,2021-03-25,0.5117,0.015,HOLD,,0,-1
2021-03-29,2021-03-26,0.5145,0.015,HOLD,,0,-1
2021-03-30,2021-03-29,0.5146,0.015,HOLD,,1,-1
2021-03-31,2021-03-30,0.5119,0.015,HOLD,,1,-1
2021-04-01,2021-03-31,0.5098,0.015,HOLD,,1,-1
2021-04-02,2021-04-01,0.5039,0.015,HOLD,,1,-1
2021-04-05,2021-04-02,0.5175,0.015,BUY,True,1,1
2021-04-06,2021-04-05,0.5296,0.015,BUY,True,1,1
2021-04-07,2021-04-06,0.528,0.015,BUY,True,1,1
2021-04-08,2021-04-07,0.5166,0.015,BUY,True,1,1
2021-04-09,2021-04-08,0.5111,0.015,HOLD,,1,-1
2021-04-12,2021-04-09,0.5226,0.015,BUY,True,1,1
2021-04-13,2021-04-12,0.529,0.015,BUY,True,1,1
2021-04-14,2021-04-13,0.5386,0.015,BUY,True,1,1
2021-04-15,2021-04-14,0.5409,0.015,BUY,True,1,1
2021-04-16,2021-04-15,0.5264,0.015,BUY,True,1,1
2021-04-19,2021-04-16,0.5199,0.015,BUY,True,1,1
2021-04-20,2021-04-19,0.5095,0.015,HOLD,,1,-1
2021-04-21,2021-04-20,0.5082,0.015,HOLD,,1,-1
2021-04-22,2021-04-21,0.5129,0.015,HOLD,,1,-1
2021-04-23,2021-04-22,0.5127,0.015,HOLD,,1,-1
2021-04-26,2021-04-23,0.5192,0.015,BUY,False,0,1
2021-04-27,2021-04-26,0.519,0.015,BUY,False,0,1
2021-04-28,2021-04-27,0.5196,0.015,BUY,False,0,1
2021-04-29,2021-04-28,0.527,0.015,BUY,False,0,1
2021-04-30,2021-04-29,0.5399,0.015,BUY,True,1,1
2021-05-03,2021-04-30,0.5532,0.015,BUY,True,1,1
2021-05-04,2021-05-03,0.5563,0.015,BUY,True,1,1
2021-05-05,2021-05-04,0.5634,0.015,BUY,True,1,1
2021-05-06,2021-05-05,0.5701,0.015,BUY,True,1,1
2021-05-07,2021-05-06,0.5796,0.015,BUY,False,0,1
2021-05-10,2021-05-07,0.5731,0.015,BUY,True,1,1
2021-05-11,2021-05-10,0.5553,0.015,BUY,True,1,1
2021-05-12,2021-05-11,0.5614,0.015,BUY,True,1,1
2021-05-13,2021-05-12,0.562,0.015,BUY,True,1,1
2021-05-14,2021-05-13,0.5721,0.015,BUY,True,1,1
2021-05-17,2021-05-14,0.5679,0.015,BUY,True,1,1
2021-05-18,2021-05-17,0.5535,0.015,BUY,False,0,1
2021-05-19,2021-05-18,0.5494,0.015,BUY,True,1,1
2021-05-20,2021-05-19,0.5426,0.015,BUY,False,0,1
2021-05-21,2021-05-20,0.5301,0.015,BUY,True,1,1
2021-05-24,2021-05-21,0.5268,0.015,BUY,False,0,1
2021-05-25,2021-05-24,0.5185,0.015,BUY,False,0,1
2021-05-26,2021-05-25,0.5131,0.015,HOLD,,1,-1
2021-05-27,2021-05-26,0.5134,0.015,HOLD,,1,-1
2021-05-28,2021-05-27,0.4929,0.015,HOLD,,0,-1
2021-05-31,2021-05-28,0.4975,0.015,HOLD,,0,-1
2021-06-01,2021-05-31,0.4921,0.015,HOLD,,0,-1
2021-06-02,2021-06-01,0.4874,0.015,HOLD,,0,-1
2021-06-03,2021-06-02,0.4702,0.015,SELL,False,1,0
2021-06-04,2021-06-03,0.4689,0.015,SELL,False,1,0
2021-06-07,2021-06-04,0.467,0.015,SELL,True,0,0
2021-06-08,2021-06-07,0.4741,0.015,SELL,True,0,0
2021-06-09,2021-06-08,0.472,0.015,SELL,True,0,0
2021-06-10,2021-06-09,0.478,0.015,SELL,True,0,0
2021-06-11,2021-06-10,0.4725,0.015,SELL,True,0,0
2021-06-14,2021-06-11,0.4712,0.015,SELL,True,0,0
2021-06-15,2021-06-14,0.4668,0.015,SELL,True,0,0
2021-06-16,2021-06-15,0.4642,0.015,SELL,True,0,0
2021-06-17,2021-06-16,0.4739,0.015,SELL,False,1,0
2021-06-18,2021-06-17,0.4809,0.015,SELL,False,1,0
2021-06-21,2021-06-18,0.4799,0.015,SELL,False,1,0
2021-06-22,2021-06-21,0.4665,0.015,SELL,True,0,0
2021-06-23,2021-06-22,0.4617,0.015,SELL,True,0,0
2021-06-24,2021-06-23,0.4587,0.015,SELL,True,0,0
2021-06-25,2021-06-24,0.4672,0.015,SELL,True,0,0
2021-06-28,2021-06-25,0.4602,0.015,SELL,True,0,0
2021-06-29,2021-06-28,0.4577,0.015,SELL,True,0,0
2021-06-30,2021-06-29,0.4615,0.015,SELL,True,0,0
2021-07-01,2021-06-30,0.4645,0.015,SELL,True,0,0
2021-07-02,2021-07-01,0.466,0.015,SELL,True,0,0
2021-07-05,2021-07-02,0.4713,0.015,SELL,False,1,0
2021-07-06,2021-07-05,0.4579,0.015,SELL,False,1,0
2021-07-07,2021-07-06,0.4412,0.015,SELL,True,0,0
2021-07-08,2021-07-07,0.4605,0.015,SELL,True,0,0
2021-07-09,2021-07-08,0.4508,0.015,SELL,True,0,0
2021-07-12,2021-07-09,0.4589,0.015,SELL,True,0,0
2021-07-13,2021-07-12,0.4625,0.015,SELL,False,1,0
2021-07-14,2021-07-13,0.4545,0.015,SELL,True,0,0
2021-07-15,2021-07-14,0.4586,0.015,SELL,True,0,0
2021-07-16,2021-07-15,0.4725,0.015,SELL,True,0,0
2021-07-19,2021-07-16,0.4796,0.015,SELL,True,0,0
2021-07-20,2021-07-19,0.4822,0.015,SELL,False,1,0
2021-07-21,2021-07-20,0.4868,0.015,HOLD,,1,-1
2021-07-22,2021-07-21,0.4913,0.015,HOLD,,1,-1
2021-07-23,2021-07-22,0.5085,0.015,HOLD,,1,-1
2021-07-26,2021-07-23,0.5299,0.015,BUY,True,1,1
2021-07-27,2021-07-26,0.5404,0.015,BUY,True,1,1
2021-07-28,2021-07-27,0.5447,0.015,BUY,True,1,1
2021-07-29,2021-07-28,0.5264,0.015,BUY,False,0,1
2021-07-30,2021-07-29,0.5297,0.015,BUY,False,0,1
2021-08-02,2021-07-30,0.5385,0.015,BUY,False,0,1
2021-08-03,2021-08-02,0.5482,0.015,BUY,False,0,1
2021-08-04,2021-08-03,0.5455,0.015,BUY,False,0,1
2021-08-05,2021-08-04,0.543,0.015,BUY,False,0,1
2021-08-06,2021-08-05,0.5494,0.015,BUY,False,0,1
2021-08-09,2021-08-06,0.5532,0.015,BUY,True,1,1
2021-08-10,2021-08-09,0.5395,0.015,BUY,True,1,1
2021-08-11,2021-08-10,0.5281,0.015,BUY,False,0,1
2021-08-12,2021-08-11,0.5403,0.015,BUY,False,0,1
2021-08-13,2021-08-12,0.5415,0.015,BUY,False,0,1
2021-08-16,2021-08-13,0.5446,0.015,BUY,False,0,1
2021-08-17,2021-08-16,0.5266,0.015,BUY,True,1,1
2021-08-18,2021-08-17,0.506,0.015,HOLD,,1,-1
2021-08-19,2021-08-18,0.5131,0.015,HOLD,,1,-1
2021-08-20,2021-08-19,0.5155,0.015,BUY,True,1,1
2021-08-23,2021-08-20,0.5115,0.015,HOLD,,1,-1
2021-08-24,2021-08-23,0.5063,0.015,HOLD,,1,-1
2021-08-25,2021-08-24,0.5021,0.015,HOLD,,1,-1
2021-08-26,2021-08-25,0.4903,0.015,HOLD,,1,-1
2021-08-27,2021-08-26,0.4772,0.015,SELL,False,1,0
2021-08-30,2021-08-27,0.4879,0.015,HOLD,,1,-1
2021-08-31,2021-08-30,0.4837,0.015,SELL,False,1,0
2021-09-01,2021-08-31,0.4901,0.015,HOLD,,1,-1
2021-09-02,2021-09-01,0.4893,0.015,HOLD,,0,-1
2021-09-03,2021-09-02,0.4783,0.015,SELL,True,0,0
2021-09-06,2021-09-03,0.4704,0.015,SELL,True,0,0
2021-09-07,2021-09-06,0.4716,0.015,SELL,True,0,0
2021-09-08,2021-09-07,0.4806,0.015,SELL,True,0,0
2021-09-09,2021-09-08,0.4898,0.015,HOLD,,0,-1
2021-09-10,2021-09-09,0.4986,0.015,HOLD,,0,-1
2021-09-13,2021-09-10,0.5106,0.015,HOLD,,0,-1
2021-09-14,2021-09-13,0.5158,0.015,BUY,False,0,1
2021-09-15,2021-09-14,0.5283,0.015,BUY,False,0,1
2021-09-16,2021-09-15,0.5227,0.015,BUY,False,0,1
2021-09-17,2021-09-16,0.5208,0.015,BUY,True,1,1
2021-09-20,2021-09-17,0.5129,0.015,HOLD,,0,-1
2021-09-21,2021-09-20,0.5082,0.015,HOLD,,0,-1
2021-09-22,2021-09-21,0.5021,0.015,HOLD,,0,-1
2021-09-23,2021-09-22,0.5135,0.015,HOLD,,0,-1
2021-09-24,2021-09-23,0.5178,0.015,BUY,False,0,1
2021-09-27,2021-09-24,0.5221,0.015,BUY,False,0,1
2021-09-28,2021-09-27,0.5103,0.015,HOLD,,0,-1
2021-09-29,2021-09-28,0.5065,0.015,HOLD,,1,-1
2021-09-30,2021-09-29,0.4926,0.015,HOLD,,0,-1
2021-10-01,2021-09-30,0.4804,0.015,SELL,True,0,0
2021-10-04,2021-10-01,0.4803,0.015,SELL,True,0,0
2021-10-05,2021-10-04,0.4769,0.015,SELL,True,0,0
2021-10-06,2021-10-05,0.4624,0.015,SELL,True,0,0
2021-10-07,2021-10-06,0.4804,0.015,SELL,False,1,0
2021-10-08,2021-10-07,0.4746,0.015,SELL,False,1,0
2021-10-11,2021-10-08,0.4654,0.015,SELL,False,1,0
2021-10-12,2021-10-11,0.4756,0.015,SELL,False,1,0
2021-10-13,2021-10-12,0.4583,0.015,SELL,False,1,0
2021-10-14,2021-10-13,0.4765,0.015,SELL,False,1,0
2021-10-15,2021-10-14,0.4822,0.015,SELL,False,1,0
2021-10-18,2021-10-15,0.4852,0.015,HOLD,,1,-1
2021-10-19,2021-10-18,0.4851,0.015,HOLD,,0,-1
2021-10-20,2021-10-19,0.4656,0.015,SELL,True,0,0
2021-10-21,2021-10-20,0.4768,0.015,SELL,True,0,0
2021-10-22,2021-10-21,0.4815,0.015,SELL,False,1,0
2021-10-25,2021-10-22,0.4787,0.015,SELL,True,0,0
2021-10-26,2021-10-25,0.4852,0.015,HOLD,,1,-1
2021-10-27,2021-10-26,0.4742,0.015,SELL,True,0,0
2021-10-28,2021-10-27,0.4749,0.015,SELL,True,0,0
2021-10-29,2021-10-28,0.4848,0.015,SELL,True,0,0
2021-11-01,2021-10-29,0.4839,0.015,SELL,True,0,0
2021-11-02,2021-11-01,0.4671,0.015,SELL,False,1,0
2021-11-03,2021-11-02,0.4641,0.015,SELL,True,0,0
2021-11-04,2021-11-03,0.4616,0.015,SELL,True,0,0
2021-11-05,2021-11-04,0.4668,0.015,SELL,True,0,0
2021-11-08,2021-11-05,0.4703,0.015,SELL,True,0,0
2021-11-09,2021-11-08,0.469,0.015,SELL,True,0,0
2021-11-10,2021-11-09,0.464,0.015,SELL,True,0,0
2021-11-11,2021-11-10,0.4528,0.015,SELL,True,0,0
2021-11-12,2021-11-11,0.4534,0.015,SELL,True,0,0
2021-11-15,2021-11-12,0.455,0.015,SELL,True,0,0
2021-11-16,2021-11-15,0.4546,0.015,SELL,True,0,0
2021-11-17,2021-11-16,0.4522,0.015,SELL,True,0,0
2021-11-18,2021-11-17,0.4607,0.015,SELL,True,0,0
2021-11-19,2021-11-18,0.4601,0.015,SELL,True,0,0
2021-11-22,2021-11-19,0.4555,0.015,SELL,False,1,0
2021-11-23,2021-11-22,0.4607,0.015,SELL,False,1,0
2021-11-24,2021-11-23,0.4502,0.015,SELL,False,1,0
2021-11-25,2021-11-24,0.4509,0.015,SELL,False,1,0
2021-11-26,2021-11-25,0.4419,0.015,SELL,True,0,0
2021-11-29,2021-11-26,0.4425,0.015,SELL,False,1,0
2021-11-30,2021-11-29,0.4452,0.015,SELL,True,0,0
2021-12-01,2021-11-30,0.4414,0.015,SELL,True,0,0
2021-12-02,2021-12-01,0.4412,0.015,SELL,False,1,0
2021-12-03,2021-12-02,0.4481,0.015,SELL,True,0,0
2021-12-06,2021-12-03,0.4459,0.015,SELL,False,1,0
2021-12-07,2021-12-06,0.4473,0.015,SELL,False,1,0
2021-12-08,2021-12-07,0.4421,0.015,SELL,True,0,0
2021-12-09,2021-12-08,0.4503,0.015,SELL,True,0,0
2021-12-10,2021-12-09,0.4558,0.015,SELL,False,1,0
2021-12-13,2021-12-10,0.4557,0.015,SELL,True,0,0
2021-12-14,2021-12-13,0.4513,0.015,SELL,False,1,0
2021-12-15,2021-12-14,0.4489,0.015,SELL,True,0,0
2021-12-16,2021-12-15,0.4559,0.015,SELL,True,0,0
2021-12-17,2021-12-16,0.4713,0.015,SELL,False,1,0
2021-12-20,2021-12-17,0.4736,0.015,SELL,False,1,0
2021-12-21,2021-12-20,0.4803,0.015,SELL,False,1,0
2021-12-22,2021-12-21,0.4894,0.015,HOLD,,0,-1
2021-12-23,2021-12-22,0.504,0.015,HOLD,,1,-1
2021-12-24,2021-12-23,0.4944,0.015,HOLD,,1,-1
2021-12-27,2021-12-24,0.4897,0.015,HOLD,,1,-1
2021-12-28,2021-12-27,0.4946,0.015,HOLD,,0,-1
2021-12-29,2021-12-28,0.5001,0.015,HOLD,,0,-1
2021-12-30,2021-12-29,0.5087,0.015,HOLD,,0,-1
2021-12-31,2021-12-30,0.5141,0.015,HOLD,,0,-1
2022-01-03,2021-12-31,0.499,0.015,HOLD,,1,-1
2022-01-04,2022-01-03,0.5047,0.015,HOLD,,1,-1
2022-01-05,2022-01-04,0.4934,0.015,HOLD,,1,-1
2022-01-06,2022-01-05,0.4937,0.015,HOLD,,1,-1
2022-01-07,2022-01-06,0.4888,0.015,HOLD,,1,-1
2022-01-10,2022-01-07,0.4911,0.015,HOLD,,1,-1
2022-01-11,2022-01-10,0.489,0.015,HOLD,,1,-1
2022-01-12,2022-01-11,0.4819,0.015,SELL,True,0,0
2022-01-13,2022-01-12,0.4769,0.015,SELL,True,0,0
2022-01-14,2022-01-13,0.4791,0.015,SELL,True,0,0
2022-01-17,2022-01-14,0.4732,0.015,SELL,True,0,0
2022-01-18,2022-01-17,0.4695,0.015,SELL,True,0,0
2022-01-19,2022-01-18,0.4649,0.015,SELL,True,0,0
2022-01-20,2022-01-19,0.4708,0.015,SELL,True,0,0
2022-01-21,2022-01-20,0.469,0.015,SELL,True,0,0
2022-01-24,2022-01-21,0.4681,0.015,SELL,True,0,0
2022-01-25,2022-01-24,0.4684,0.015,SELL,True,0,0
2022-01-26,2022-01-25,0.4749,0.015,SELL,False,1,0
2022-01-27,2022-01-26,0.4729,0.015,SELL,False,1,0
2022-01-28,2022-01-27,0.4714,0.015,SELL,False,1,0
2022-01-31,2022-01-28,0.4636,0.015,SELL,False,1,0
2022-02-01,2022-01-31,0.4642,0.015,SELL,False,1,0
2022-02-02,2022-02-01,0.4655,0.015,SELL,False,1,0
2022-02-03,2022-02-02,0.4634,0.015,SELL,True,0,0
2022-02-04,2022-02-03,0.4659,0.015,SELL,True,0,0
2022-02-07,2022-02-04,0.4639,0.015,SELL,True,0,0
2022-02-08,2022-02-07,0.4635,0.015,SELL,True,0,0
2022-02-09,2022-02-08,0.4688,0.015,SELL,True,0,0
2022-02-10,2022-02-09,0.4784,0.015,SELL,True,0,0
2022-02-11,2022-02-10,0.4857,0.015,HOLD,,1,-1
2022-02-14,2022-02-11,0.4908,0.015,HOLD,,1,-1
2022-02-15,2022-02-14,0.4911,0.015,HOLD,,0,-1
2022-02-16,2022-02-15,0.4881,0.015,HOLD,,0,-1
2022-02-17,2022-02-16,0.4906,0.015,HOLD,,0,-1
2022-02-18,2022-02-17,0.4915,0.015,HOLD,,0,-1
2022-02-21,2022-02-18,0.4952,0.015,HOLD,,0,-1
2022-02-22,2022-02-21,0.4999,0.015,HOLD,,0,-1
2022-02-23,2022-02-22,0.5005,0.015,HOLD,,0,-1
2022-02-24,2022-02-23,0.5081,0.015,HOLD,,0,-1
2022-02-25,2022-02-24,0.5113,0.015,HOLD,,0,-1
2022-02-28,2022-02-25,0.5151,0.015,BUY,False,0,1
2022-03-01,2022-02-28,0.5176,0.015,BUY,False,0,1
2022-03-02,2022-03-01,0.5118,0.015,HOLD,,0,-1
2022-03-03,2022-03-02,0.5057,0.015,HOLD,,1,-1
2022-03-04,2022-03-03,0.5098,0.015,HOLD,,1,-1
2022-03-07,2022-03-04,0.5135,0.015,HOLD,,1,-1
2022-03-08,2022-03-07,0.515,0.015,HOLD,,1,-1
2022-03-09,2022-03-08,0.5124,0.015,HOLD,,0,-1
2022-03-10,2022-03-09,0.5059,0.015,HOLD,,1,-1
2022-03-11,2022-03-10,0.504,0.015,HOLD,,1,-1
2022-03-14,2022-03-11,0.5019,0.015,HOLD,,1,-1
2022-03-15,2022-03-14,0.4936,0.015,HOLD,,1,-1
2022-03-16,2022-03-15,0.485,0.015,HOLD,,0,-1
2022-03-17,2022-03-16,0.4808,0.015,SELL,True,0,0
2022-03-18,2022-03-17,0.4821,0.015,SELL,True,0,0
2022-03-21,2022-03-18,0.4851,0.015,HOLD,,0,-1
2022-03-22,2022-03-21,0.4857,0.015,HOLD,,0,-1
2022-03-23,2022-03-22,0.4893,0.015,HOLD,,1,-1
2022-03-24,2022-03-23,0.4895,0.015,HOLD,,1,-1
2022-03-25,2022-03-24,0.4883,0.015,HOLD,,1,-1
2022-03-28,2022-03-25,0.4864,0.015,HOLD,,1,-1
2022-03-29,2022-03-28,0.4879,0.015,HOLD,,0,-1
2022-03-30,2022-03-29,0.4963,0.015,HOLD,,0,-1
2022-03-31,2022-03-30,0.5037,0.015,HOLD,,0,-1
2022-04-01,2022-03-31,0.5062,0.015,HOLD,,0,-1
2022-04-04,2022-04-01,0.513,0.015,HOLD,,0,-1
2022-04-05,2022-04-04,0.5125,0.015,HOLD,,0,-1
2022-04-06,2022-04-05,0.5202,0.015,BUY,False,0,1
2022-04-07,2022-04-06,0.5168,0.015,BUY,True,1,1
2022-04-08,2022-04-07,0.5154,0.015,BUY,False,0,1
2022-04-11,2022-04-08,0.5124,0.015,HOLD,,0,-1
2022-04-12,2022-04-11,0.5165,0.015,BUY,False,0,1
2022-04-13,2022-04-12,0.5204,0.015,BUY,False,0,1
2022-04-14,2022-04-13,0.5255,0.015,BUY,True,1,1
2022-04-15,2022-04-14,0.5196,0.015,BUY,True,1,1
2022-04-18,2022-04-15,0.5167,0.015,BUY,True,1,1
2022-04-19,2022-04-18,0.5219,0.015,BUY,False,0,1
2022-04-20,2022-04-19,0.5252,0.015,BUY,False,0,1
2022-04-21,2022-04-20,0.5283,0.015,BUY,False,0,1
2022-04-22,2022-04-21,0.5292,0.015,BUY,False,0,1
2022-04-25,2022-04-22,0.5219,0.015,BUY,False,0,1
2022-04-26,2022-04-25,0.5171,0.015,BUY,False,0,1
2022-04-27,2022-04-26,0.5156,0.015,BUY,False,0,1
2022-04-28,2022-04-27,0.5102,0.015,HOLD,,1,-1
2022-04-29,2022-04-28,0.5021,0.015,HOLD,,0,-1
2022-05-02,2022-04-29,0.494,0.015,HOLD,,1,-1
2022-05-03,2022-05-02,0.496,0.015,HOLD,,1,-1
2022-05-04,2022-05-03,0.4892,0.015,HOLD,,0,-1
2022-05-05,2022-05-04,0.4871,0.015,HOLD,,0,-1
2022-05-06,2022-05-05,0.4792,0.015,SELL,True,0,0
2022-05-09,2022-05-06,0.4767,0.015,SELL,True,0,0
2022-05-10,2022-05-09,0.4753,0.015,SELL,True,0,0
2022-05-11,2022-05-10,0.4751,0.015,SELL,False,1,0
2022-05-12,2022-05-11,0.4784,0.015,SELL,False,1,0
2022-05-13,2022-05-12,0.4815,0.015,SELL,False,1,0
2022-05-16,2022-05-13,0.4822,0.015,SELL,False,1,0
2022-05-17,2022-05-16,0.4754,0.015,SELL,False,1,0
2022-05-18,2022-05-17,0.4723,0.015,SELL,False,1,0
2022-05-19,2022-05-18,0.4767,0.015,SELL,False,1,0
2022-05-20,2022-05-19,0.4749,0.015,SELL,False,1,0
2022-05-23,2022-05-20,0.472,0.015,SELL,False,1,0
2022-05-24,2022-05-23,0.4678,0.015,SELL,False,1,0
2022-05-25,2022-05-24,0.4704,0.015,SELL,False,1,0
2022-05-26,2022-05-25,0.4746,0.015,SELL,True,0,0
2022-05-27,2022-05-26,0.4756,0.015,SELL,False,1,0
2022-05-30,2022-05-27,0.4805,0.015,SELL,True,0,0
2022-05-31,2022-05-30,0.4804,0.015,SELL,True,0,0
2022-06-01,2022-05-31,0.4849,0.015,SELL,False,1,0
2022-06-02,2022-06-01,0.4916,0.015,HOLD,,0,-1
2022-06-03,2022-06-02,0.4966,0.015,HOLD,,0,-1
2022-06-06,2022-06-03,0.4999,0.015,HOLD,,0,-1
2022-06-07,2022-06-06,0.5037,0.015,HOLD,,0,-1
2022-06-08,2022-06-07,0.5023,0.015,HOLD,,0,-1
2022-06-09,2022-06-08,0.5078,0.015,HOLD,,0,-1
2022-06-10,2022-06-09,0.508,0.015,HOLD,,1,-1
2022-06-13,2022-06-10,0.5048,0.015,HOLD,,1,-1
2022-06-14,2022-06-13,0.5059,0.015,HOLD,,1,-1
2022-06-15,2022-06-14,0.5012,0.015,HOLD,,1,-1
2022-06-16,2022-06-15,0.5029,0.015,HOLD,,1,-1
2022-06-17,2022-06-16,0.5078,0.015,HOLD,,1,-1
2022-06-20,2022-06-17,0.5105,0.015,HOLD,,1,-1
2022-06-21,2022-06-20,0.5083,0.015,HOLD,,1,-1
2022-06-22,2022-06-21,0.5054,0.015,HOLD,,0,-1
2022-06-23,2022-06-22,0.5054,0.015,HOLD,,0,-1
2022-06-24,2022-06-23,0.504,0.015,HOLD,,0,-1
2022-06-27,2022-06-24,0.5107,0.015,HOLD,,0,-1
2022-06-28,2022-06-27,0.5042,0.015,HOLD,,0,-1
2022-06-29,2022-06-28,0.5051,0.015,HOLD,,0,-1
2022-06-30,2022-06-29,0.5004,0.015,HOLD,,0,-1
2022-07-01,2022-06-30,0.4976,0.015,HOLD,,0,-1
2022-07-04,2022-07-01,0.4977,0.015,HOLD,,0,-1
2022-07-05,2022-07-04,0.4953,0.015,HOLD,,0,-1
2022-07-06,2022-07-05,0.4924,0.015,HOLD,,0,-1
2022-07-07,2022-07-06,0.4922,0.015,HOLD,,0,-1
2022-07-08,2022-07-07,0.4915,0.015,HOLD,,0,-1
2022-07-11,2022-07-08,0.4916,0.015,HOLD,,1,-1
2022-07-12,2022-07-11,0.4882,0.015,HOLD,,1,-1
2022-07-13,2022-07-12,0.4891,0.015,HOLD,,1,-1
2022-07-14,2022-07-13,0.4855,0.015,HOLD,,1,-1
2022-07-15,2022-07-14,0.4823,0.015,SELL,False,1,0
2022-07-18,2022-07-15,0.4864,0.015,HOLD,,1,-1
2022-07-19,2022-07-18,0.4909,0.015,HOLD,,0,-1
2022-07-20,2022-07-19,0.4956,0.015,HOLD,,0,-1
2022-07-21,2022-07-20,0.5043,0.015,HOLD,,0,-1
2022-07-22,2022-07-21,0.5047,0.015,HOLD,,0,-1
2022-07-25,2022-07-22,0.5008,0.015,HOLD,,1,-1
2022-07-26,2022-07-25,0.4935,0.015,HOLD,,1,-1
2022-07-27,2022-07-26,0.4966,0.015,HOLD,,0,-1
2022-07-28,2022-07-27,0.5016,0.015,HOLD,,0,-1
2022-07-29,2022-07-28,0.5001,0.015,HOLD,,1,-1
2022-08-01,2022-07-29,0.4994,0.015,HOLD,,0,-1
2022-08-02,2022-08-01,0.4997,0.015,HOLD,,1,-1
2022-08-03,2022-08-02,0.5036,0.015,HOLD,,1,-1
2022-08-04,2022-08-03,0.5057,0.015,HOLD,,1,-1
2022-08-05,2022-08-04,0.5109,0.015,HOLD,,1,-1
2022-08-08,2022-08-05,0.5102,0.015,HOLD,,1,-1
2022-08-09,2022-08-08,0.5058,0.015,HOLD,,0,-1
2022-08-10,2022-08-09,0.5111,0.015,HOLD,,0,-1
2022-08-11,2022-08-10,0.516,0.015,BUY,False,0,1
2022-08-12,2022-08-11,0.5214,0.015,BUY,False,0,1
2022-08-15,2022-08-12,0.5244,0.015,BUY,False,0,1
2022-08-16,2022-08-15,0.5184,0.015,BUY,False,0,1
2022-08-17,2022-08-16,0.5186,0.015,BUY,False,0,1
2022-08-18,2022-08-17,0.521,0.015,BUY,False,0,1
2022-08-19,2022-08-18,0.5212,0.015,BUY,False,0,1
2022-08-22,2022-08-19,0.5155,0.015,BUY,True,1,1
2022-08-23,2022-08-22,0.5122,0.015,HOLD,,1,-1
2022-08-24,2022-08-23,0.5096,0.015,HOLD,,1,-1
2022-08-25,2022-08-24,0.5069,0.015,HOLD,,1,-1
2022-08-26,2022-08-25,0.5026,0.015,HOLD,,0,-1
2022-08-29,2022-08-26,0.5049,0.015,HOLD,,0,-1
2022-08-30,2022-08-29,0.4964,0.015,HOLD,,0,-1
2022-08-31,2022-08-30,0.4924,0.015,HOLD,,0,-1
2022-09-01,2022-08-31,0.4933,0.015,HOLD,,1,-1
2022-09-02,2022-09-01,0.4965,0.015,HOLD,,1,-1
2022-09-05,2022-09-02,0.488,0.015,HOLD,,1,-1
2022-09-06,2022-09-05,0.4825,0.015,SELL,False,1,0
2022-09-07,2022-09-06,0.4812,0.015,SELL,True,0,0
2022-09-08,2022-09-07,0.4845,0.015,SELL,True,0,0
2022-09-09,2022-09-08,0.486,0.015,HOLD,,0,-1
2022-09-12,2022-09-09,0.4846,0.015,SELL,True,0,0
2022-09-13,2022-09-12,0.4807,0.015,SELL,False,1,0
2022-09-14,2022-09-13,0.4847,0.015,SELL,True,0,0
2022-09-15,2022-09-14,0.4869,0.015,HOLD,,0,-1
2022-09-16,2022-09-15,0.4922,0.015,HOLD,,0,-1
2022-09-19,2022-09-16,0.4909,0.015,HOLD,,0,-1
2022-09-20,2022-09-19,0.4895,0.015,HOLD,,0,-1
2022-09-21,2022-09-20,0.4938,0.015,HOLD,,0,-1
2022-09-22,2022-09-21,0.4954,0.015,HOLD,,0,-1
2022-09-23,2022-09-22,0.4943,0.015,HOLD,,1,-1
2022-09-26,2022-09-23,0.4945,0.015,HOLD,,1,-1
2022-09-27,2022-09-26,0.4967,0.015,HOLD,,1,-1
2022-09-28,2022-09-27,0.4985,0.015,HOLD,,1,-1
2022-09-29,2022-09-28,0.5006,0.015,HOLD,,1,-1
2022-09-30,2022-09-29,0.4941,0.015,HOLD,,0,-1
2022-10-03,2022-09-30,0.4978,0.015,HOLD,,0,-1
2022-10-04,2022-10-03,0.505,0.015,HOLD,,0,-1
2022-10-05,2022-10-04,0.5044,0.015,HOLD,,0,-1
2022-10-06,2022-10-05,0.5076,0.015,HOLD,,0,-1
2022-10-07,2022-10-06,0.5062,0.015,HOLD,,1,-1
2022-10-10,2022-10-07,0.5065,0.015,HOLD,,1,-1
2022-10-11,2022-10-10,0.5173,0.015,BUY,True,1,1
2022-10-12,2022-10-11,0.5121,0.015,HOLD,,1,-1
2022-10-13,2022-10-12,0.5169,0.015,BUY,False,0,1
2022-10-14,2022-10-13,0.5152,0.015,BUY,True,1,1
2022-10-17,2022-10-14,0.5098,0.015,HOLD,,1,-1
2022-10-18,2022-10-17,0.512,0.015,HOLD,,1,-1
2022-10-19,2022-10-18,0.5106,0.015,HOLD,,1,-1
2022-10-20,2022-10-19,0.5162,0.015,BUY,True,1,1
2022-10-21,2022-10-20,0.5263,0.015,BUY,True,1,1
2022-10-24,2022-10-21,0.5238,0.015,BUY,True,1,1
2022-10-25,2022-10-24,0.5227,0.015,BUY,False,0,1
2022-10-26,2022-10-25,0.5181,0.015,BUY,False,0,1
2022-10-27,2022-10-26,0.5233,0.015,BUY,False,0,1
2022-10-28,2022-10-27,0.5295,0.015,BUY,False,0,1
2022-10-31,2022-10-28,0.5385,0.015,BUY,True,1,1
2022-11-01,2022-10-31,0.5427,0.015,BUY,True,1,1
2022-11-02,2022-11-01,0.5496,0.015,BUY,True,1,1
2022-11-03,2022-11-02,0.5519,0.015,BUY,True,1,1
2022-11-04,2022-11-03,0.5512,0.015,BUY,True,1,1
2022-11-07,2022-11-04,0.5413,0.015,BUY,True,1,1
2022-11-08,2022-11-07,0.535,0.015,BUY,True,1,1
2022-11-09,2022-11-08,0.5336,0.015,BUY,True,1,1
2022-11-10,2022-11-09,0.5299,0.015,BUY,True,1,1
2022-11-11,2022-11-10,0.5248,0.015,BUY,True,1,1
2022-11-14,2022-11-11,0.5312,0.015,BUY,False,0,1
2022-11-15,2022-11-14,0.5353,0.015,BUY,False,0,1
2022-11-16,2022-11-15,0.5374,0.015,BUY,False,0,1
2022-11-17,2022-11-16,0.5414,0.015,BUY,True,1,1
2022-11-18,2022-11-17,0.5394,0.015,BUY,True,1,1
2022-11-21,2022-11-18,0.5382,0.015,BUY,True,1,1
2022-11-22,2022-11-21,0.537,0.015,BUY,True,1,1
2022-11-23,2022-11-22,0.5387,0.015,BUY,False,0,1
2022-11-24,2022-11-23,0.5341,0.015,BUY,False,0,1
2022-11-25,2022-11-24,0.5352,0.015,BUY,True,1,1
2022-11-28,2022-11-25,0.5411,0.015,BUY,True,1,1
2022-11-29,2022-11-28,0.539,0.015,BUY,True,1,1
2022-11-30,2022-11-29,0.5326,0.015,BUY,True,1,1
2022-12-01,2022-11-30,0.5285,0.015,BUY,False,0,1
2022-12-02,2022-12-01,0.5253,0.015,BUY,True,1,1
2022-12-05,2022-12-02,0.5249,0.015,BUY,True,1,1
2022-12-06,2022-12-05,0.5264,0.015,BUY,True,1,1
2022-12-07,2022-12-06,0.5278,0.015,BUY,True,1,1
2022-12-08,2022-12-07,0.5342,0.015,BUY,True,1,1
2022-12-09,2022-12-08,0.5405,0.015,BUY,True,1,1
2022-12-12,2022-12-09,0.5454,0.015,BUY,True,1,1
2022-12-13,2022-12-12,0.5492,0.015,BUY,False,0,1
2022-12-14,2022-12-13,0.5467,0.015,BUY,False,0,1
2022-12-15,2022-12-14,0.5418,0.015,BUY,False,0,1
2022-12-16,2022-12-15,0.5444,0.015,BUY,True,1,1
2022-12-19,2022-12-16,0.5447,0.015,BUY,True,1,1
2022-12-20,2022-12-19,0.5379,0.015,BUY,True,1,1
2022-12-21,2022-12-20,0.5297,0.015,BUY,True,1,1
2022-12-22,2022-12-21,0.532,0.015,BUY,True,1,1
2022-12-23,2022-12-22,0.5302,0.015,BUY,True,1,1
2022-12-26,2022-12-23,0.5229,0.015,BUY,True,1,1
2022-12-27,2022-12-26,0.5239,0.015,BUY,True,1,1
2022-12-28,2022-12-27,0.5245,0.015,BUY,False,0,1
2022-12-29,2022-12-28,0.5249,0.015,BUY,False,0,1
2022-12-30,2022-12-29,0.5217,0.015,BUY,False,0,1
2023-01-02,2022-12-30,0.4618,0.02,SELL,True,0,0
2023-01-03,2023-01-02,0.4612,0.02,SELL,False,1,0
2023-01-04,2023-01-03,0.4747,0.02,SELL,False,1,0
2023-01-05,2023-01-04,0.4817,0.02,HOLD,,1,-1
2023-01-06,2023-01-05,0.4758,0.02,SELL,False,1,0
2023-01-09,2023-01-06,0.4614,0.02,SELL,False,1,0
2023-01-10,2023-01-09,0.4427,0.02,SELL,False,1,0
2023-01-11,2023-01-10,0.4416,0.02,SELL,False,1,0
2023-01-12,2023-01-11,0.4519,0.02,SELL,True,0,0
2023-01-13,2023-01-12,0.4572,0.02,SELL,True,0,0
2023-01-16,2023-01-13,0.4462,0.02,SELL,False,1,0
2023-01-17,2023-01-16,0.4529,0.02,SELL,False,1,0
2023-01-18,2023-01-17,0.4583,0.02,SELL,False,1,0
2023-01-19,2023-01-18,0.4657,0.02,SELL,False,1,0
2023-01-20,2023-01-19,0.459,0.02,SELL,False,1,0
2023-01-23,2023-01-20,0.4605,0.02,SELL,True,0,0
2023-01-24,2023-01-23,0.4682,0.02,SELL,True,0,0
2023-01-25,2023-01-24,0.4796,0.02,SELL,True,0,0
2023-01-26,2023-01-25,0.4933,0.02,HOLD,,1,-1
2023-01-27,2023-01-26,0.4887,0.02,HOLD,,1,-1
2023-01-30,2023-01-27,0.4981,0.02,HOLD,,0,-1
2023-01-31,2023-01-30,0.5007,0.02,HOLD,,0,-1
2023-02-01,2023-01-31,0.4798,0.02,SELL,True,0,0
2023-02-02,2023-02-01,0.5151,0.02,HOLD,,0,-1
2023-02-03,2023-02-02,0.5311,0.02,BUY,False,0,1
2023-02-06,2023-02-03,0.5351,0.02,BUY,False,0,1
2023-02-07,2023-02-06,0.5351,0.02,BUY,False,0,1
2023-02-08,2023-02-07,0.5129,0.02,HOLD,,1,-1
2023-02-09,2023-02-08,0.5464,0.02,BUY,False,0,1
2023-02-10,2023-02-09,0.5487,0.02,BUY,False,0,1
2023-02-13,2023-02-10,0.5451,0.02,BUY,False,0,1
2023-02-14,2023-02-13,0.5391,0.02,BUY,False,0,1
2023-02-15,2023-02-14,0.5223,0.02,BUY,False,0,1
2023-02-16,2023-02-15,0.5177,0.02,HOLD,,0,-1
2023-02-17,2023-02-16,0.5078,0.02,HOLD,,0,-1
2023-02-20,2023-02-17,0.5105,0.02,HOLD,,0,-1
2023-02-21,2023-02-20,0.4939,0.02,HOLD,,0,-1
2023-02-22,2023-02-21,0.4807,0.02,HOLD,,0,-1
2023-02-23,2023-02-22,0.5006,0.02,HOLD,,1,-1
2023-02-24,2023-02-23,0.5149,0.02,HOLD,,1,-1
2023-02-27,2023-02-24,0.5029,0.02,HOLD,,1,-1
2023-02-28,2023-02-27,0.4823,0.02,HOLD,,1,-1
2023-03-01,2023-02-28,0.487,0.02,HOLD,,0,-1
2023-03-02,2023-03-01,0.4739,0.02,SELL,True,0,0
2023-03-03,2023-03-02,0.465,0.02,SELL,True,0,0
2023-03-06,2023-03-03,0.4555,0.02,SELL,True,0,0
2023-03-07,2023-03-06,0.4485,0.02,SELL,False,1,0
2023-03-08,2023-03-07,0.4585,0.02,SELL,False,1,0
2023-03-09,2023-03-08,0.4548,0.02,SELL,True,0,0
2023-03-10,2023-03-09,0.4456,0.02,SELL,True,0,0
2023-03-13,2023-03-10,0.4498,0.02,SELL,True,0,0
2023-03-14,2023-03-13,0.4569,0.02,SELL,True,0,0
2023-03-15,2023-03-14,0.4618,0.02,SELL,False,1,0
2023-03-16,2023-03-15,0.4736,0.02,SELL,False,1,0
2023-03-17,2023-03-16,0.4743,0.02,SELL,False,1,0
2023-03-20,2023-03-17,0.4845,0.02,HOLD,,1,-1
2023-03-21,2023-03-20,0.4894,0.02,HOLD,,1,-1
2023-03-22,2023-03-21,0.4787,0.02,SELL,True,0,0
2023-03-23,2023-03-22,0.5022,0.02,HOLD,,1,-1
2023-03-24,2023-03-23,0.4954,0.02,HOLD,,1,-1
2023-03-27,2023-03-24,0.5077,0.02,HOLD,,1,-1
2023-03-28,2023-03-27,0.4955,0.02,HOLD,,1,-1
2023-03-29,2023-03-28,0.4825,0.02,HOLD,,1,-1
2023-03-30,2023-03-29,0.5045,0.02,HOLD,,1,-1
2023-03-31,2023-03-30,0.5165,0.02,HOLD,,1,-1
2023-04-03,2023-03-31,0.5194,0.02,HOLD,,0,-1
2023-04-04,2023-04-03,0.5328,0.02,BUY,False,0,1
2023-04-05,2023-04-04,0.5258,0.02,BUY,True,1,1
2023-04-06,2023-04-05,0.5316,0.02,BUY,True,1,1
2023-04-07,2023-04-06,0.5387,0.02,BUY,True,1,1
2023-04-10,2023-04-07,0.5434,0.02,BUY,True,1,1
2023-04-11,2023-04-10,0.546,0.02,BUY,True,1,1
2023-04-12,2023-04-11,0.545,0.02,BUY,False,0,1
2023-04-13,2023-04-12,0.5594,0.02,BUY,False,0,1
2023-04-14,2023-04-13,0.5616,0.02,BUY,False,0,1
2023-04-17,2023-04-14,0.5594,0.02,BUY,True,1,1
2023-04-18,2023-04-17,0.581,0.02,BUY,True,1,1
2023-04-19,2023-04-18,0.5868,0.02,BUY,True,1,1
2023-04-20,2023-04-19,0.572,0.02,BUY,True,1,1
2023-04-21,2023-04-20,0.5812,0.02,BUY,True,1,1
2023-04-24,2023-04-21,0.587,0.02,BUY,False,0,1
2023-04-25,2023-04-24,0.576,0.02,BUY,True,1,1
2023-04-26,2023-04-25,0.5759,0.02,BUY,False,0,1
2023-04-27,2023-04-26,0.5617,0.02,BUY,True,1,1
2023-04-28,2023-04-27,0.5676,0.02,BUY,False,0,1
2023-05-01,2023-04-28,0.5768,0.02,BUY,True,1,1
2023-05-02,2023-05-01,0.5852,0.02,BUY,True,1,1
2023-05-03,2023-05-02,0.5706,0.02,BUY,False,0,1
2023-05-04,2023-05-03,0.5635,0.02,BUY,False,0,1
2023-05-05,2023-05-04,0.5654,0.02,BUY,False,0,1
2023-05-08,2023-05-05,0.5631,0.02,BUY,False,0,1
2023-05-09,2023-05-08,0.5671,0.02,BUY,False,0,1
2023-05-10,2023-05-09,0.5683,0.02,BUY,False,0,1
2023-05-11,2023-05-10,0.559,0.02,BUY,False,0,1
2023-05-12,2023-05-11,0.5564,0.02,BUY,False,0,1
2023-05-15,2023-05-12,0.5494,0.02,BUY,False,0,1
2023-05-16,2023-05-15,0.5233,0.02,BUY,False,0,1
2023-05-17,2023-05-16,0.5418,0.02,BUY,False,0,1
2023-05-18,2023-05-17,0.5473,0.02,BUY,False,0,1
2023-05-19,2023-05-18,0.5387,0.02,BUY,False,0,1
2023-05-22,2023-05-19,0.5263,0.02,BUY,False,0,1
2023-05-23,2023-05-22,0.5293,0.02,BUY,False,0,1
2023-05-24,2023-05-23,0.5268,0.02,BUY,False,0,1
2023-05-25,2023-05-24,0.522,0.02,BUY,False,0,1
2023-05-26,2023-05-25,0.5158,0.02,HOLD,,1,-1
2023-05-29,2023-05-26,0.5111,0.02,HOLD,,0,-1
2023-05-30,2023-05-29,0.497,0.02,HOLD,,0,-1
2023-05-31,2023-05-30,0.4813,0.02,HOLD,,1,-1
2023-06-01,2023-05-31,0.485,0.02,HOLD,,0,-1
2023-06-02,2023-06-01,0.4922,0.02,HOLD,,1,-1
2023-06-05,2023-06-02,0.4848,0.02,HOLD,,1,-1
2023-06-06,2023-06-05,0.4871,0.02,HOLD,,1,-1
2023-06-07,2023-06-06,0.476,0.02,SELL,False,1,0
2023-06-08,2023-06-07,0.48,0.02,HOLD,,1,-1
2023-06-09,2023-06-08,0.4821,0.02,HOLD,,1,-1
2023-06-12,2023-06-09,0.4884,0.02,HOLD,,1,-1
2023-06-13,2023-06-12,0.4789,0.02,SELL,False,1,0
2023-06-14,2023-06-13,0.4776,0.02,SELL,False,1,0
2023-06-15,2023-06-14,0.4803,0.02,HOLD,,1,-1
2023-06-16,2023-06-15,0.4876,0.02,HOLD,,1,-1
2023-06-19,2023-06-16,0.4916,0.02,HOLD,,0,-1
2023-06-20,2023-06-19,0.4978,0.02,HOLD,,0,-1
2023-06-21,2023-06-20,0.4985,0.02,HOLD,,0,-1
2023-06-22,2023-06-21,0.5111,0.02,HOLD,,0,-1
2023-06-23,2023-06-22,0.5113,0.02,HOLD,,0,-1
2023-06-26,2023-06-23,0.5134,0.02,HOLD,,1,-1
2023-06-27,2023-06-26,0.5239,0.02,BUY,False,0,1
2023-06-28,2023-06-27,0.5243,0.02,BUY,False,0,1
2023-06-29,2023-06-28,0.5278,0.02,BUY,False,0,1
2023-06-30,2023-06-29,0.5412,0.02,BUY,False,0,1
2023-07-03,2023-06-30,0.5388,0.02,BUY,True,1,1
2023-07-04,2023-07-03,0.5396,0.02,BUY,True,1,1
2023-07-05,2023-07-04,0.5267,0.02,BUY,True,1,1
2023-07-06,2023-07-05,0.5507,0.02,BUY,True,1,1
2023-07-07,2023-07-06,0.5474,0.02,BUY,True,1,1
2023-07-10,2023-07-07,0.5372,0.02,BUY,True,1,1
2023-07-11,2023-07-10,0.5366,0.02,BUY,True,1,1
2023-07-12,2023-07-11,0.5375,0.02,BUY,True,1,1
2023-07-13,2023-07-12,0.5326,0.02,BUY,False,0,1
2023-07-14,2023-07-13,0.5411,0.02,BUY,False,0,1
2023-07-17,2023-07-14,0.5414,0.02,BUY,False,0,1
2023-07-18,2023-07-17,0.5406,0.02,BUY,False,0,1
2023-07-19,2023-07-18,0.5544,0.02,BUY,False,0,1
2023-07-20,2023-07-19,0.5668,0.02,BUY,False,0,1
2023-07-21,2023-07-20,0.5676,0.02,BUY,False,0,1
2023-07-24,2023-07-21,0.5577,0.02,BUY,False,0,1
2023-07-25,2023-07-24,0.5539,0.02,BUY,False,0,1
2023-07-26,2023-07-25,0.5435,0.02,BUY,False,0,1
2023-07-27,2023-07-26,0.5567,0.02,BUY,False,0,1
2023-07-28,2023-07-27,0.5483,0.02,BUY,False,0,1
2023-07-31,2023-07-28,0.5421,0.02,BUY,True,1,1
2023-08-01,2023-07-31,0.5394,0.02,BUY,True,1,1
2023-08-02,2023-08-01,0.5294,0.02,BUY,True,1,1
2023-08-03,2023-08-02,0.5287,0.02,BUY,True,1,1
2023-08-04,2023-08-03,0.5189,0.02,HOLD,,0,-1
2023-08-07,2023-08-04,0.5257,0.02,BUY,False,0,1
2023-08-08,2023-08-07,0.515,0.02,HOLD,,0,-1
2023-08-09,2023-08-08,0.4993,0.02,HOLD,,0,-1
2023-08-10,2023-08-09,0.4835,0.02,HOLD,,0,-1
2023-08-11,2023-08-10,0.5061,0.02,HOLD,,0,-1
2023-08-14,2023-08-11,0.5121,0.02,HOLD,,0,-1
2023-08-15,2023-08-14,0.4983,0.02,HOLD,,0,-1
2023-08-16,2023-08-15,0.4692,0.02,SELL,True,0,0
2023-08-17,2023-08-16,0.4653,0.02,SELL,True,0,0
2023-08-18,2023-08-17,0.4621,0.02,SELL,True,0,0
2023-08-21,2023-08-18,0.4414,0.02,SELL,True,0,0
2023-08-22,2023-08-21,0.4294,0.02,SELL,True,0,0
2023-08-23,2023-08-22,0.4163,0.02,SELL,False,1,0
2023-08-24,2023-08-23,0.4404,0.02,SELL,False,1,0
2023-08-25,2023-08-24,0.4367,0.02,SELL,False,1,0
2023-08-28,2023-08-25,0.4411,0.02,SELL,True,0,0
2023-08-29,2023-08-28,0.4429,0.02,SELL,True,0,0
2023-08-30,2023-08-29,0.4551,0.02,SELL,True,0,0
2023-08-31,2023-08-30,0.458,0.02,SELL,True,0,0
2023-09-01,2023-08-31,0.4685,0.02,SELL,True,0,0
2023-09-04,2023-09-01,0.4865,0.02,HOLD,,0,-1
2023-09-05,2023-09-04,0.4905,0.02,HOLD,,1,-1
2023-09-06,2023-09-05,0.4778,0.02,SELL,False,1,0
2023-09-07,2023-09-06,0.471,0.02,SELL,False,1,0
2023-09-08,2023-09-07,0.4795,0.02,SELL,True,0,0
2023-09-11,2023-09-08,0.478,0.02,SELL,True,0,0
2023-09-12,2023-09-11,0.4705,0.02,SELL,True,0,0
2023-09-13,2023-09-12,0.4486,0.02,SELL,True,0,0
2023-09-14,2023-09-13,0.4495,0.02,SELL,False,1,0
2023-09-15,2023-09-14,0.4445,0.02,SELL,False,1,0
2023-09-18,2023-09-15,0.4666,0.02,SELL,True,0,0
2023-09-19,2023-09-18,0.4634,0.02,SELL,True,0,0
2023-09-20,2023-09-19,0.4628,0.02,SELL,True,0,0
2023-09-21,2023-09-20,0.4793,0.02,SELL,True,0,0
2023-09-22,2023-09-21,0.4761,0.02,SELL,True,0,0
2023-09-25,2023-09-22,0.4904,0.02,HOLD,,0,-1
2023-09-26,2023-09-25,0.4872,0.02,HOLD,,0,-1
2023-09-27,2023-09-26,0.4848,0.02,HOLD,,0,-1
2023-09-28,2023-09-27,0.4866,0.02,HOLD,,0,-1
2023-09-29,2023-09-28,0.4817,0.02,HOLD,,0,-1
2023-10-02,2023-09-29,0.473,0.02,SELL,False,1,0
2023-10-03,2023-10-02,0.4869,0.02,HOLD,,1,-1
2023-10-04,2023-10-03,0.4675,0.02,SELL,False,1,0
2023-10-05,2023-10-04,0.4691,0.02,SELL,False,1,0
2023-10-06,2023-10-05,0.462,0.02,SELL,True,0,0
2023-10-09,2023-10-06,0.4626,0.02,SELL,True,0,0
2023-10-10,2023-10-09,0.4771,0.02,SELL,True,0,0
2023-10-11,2023-10-10,0.4595,0.02,SELL,True,0,0
2023-10-12,2023-10-11,0.483,0.02,HOLD,,1,-1
2023-10-13,2023-10-12,0.4881,0.02,HOLD,,1,-1
2023-10-16,2023-10-13,0.4838,0.02,HOLD,,1,-1
2023-10-17,2023-10-16,0.4972,0.02,HOLD,,1,-1
2023-10-18,2023-10-17,0.4895,0.02,HOLD,,1,-1
2023-10-19,2023-10-18,0.4821,0.02,HOLD,,0,-1
2023-10-20,2023-10-19,0.4923,0.02,HOLD,,0,-1
2023-10-23,2023-10-20,0.5026,0.02,HOLD,,0,-1
2023-10-24,2023-10-23,0.5026,0.02,HOLD,,1,-1
2023-10-25,2023-10-24,0.4918,0.02,HOLD,,1,-1
2023-10-26,2023-10-25,0.5016,0.02,HOLD,,1,-1
2023-10-27,2023-10-26,0.523,0.02,BUY,True,1,1
2023-10-30,2023-10-27,0.5237,0.02,BUY,True,1,1
2023-10-31,2023-10-30,0.5072,0.02,HOLD,,1,-1
2023-11-01,2023-10-31,0.4975,0.02,HOLD,,1,-1
2023-11-02,2023-11-01,0.5056,0.02,HOLD,,1,-1
2023-11-03,2023-11-02,0.515,0.02,HOLD,,0,-1
2023-11-06,2023-11-03,0.5208,0.02,BUY,False,0,1
2023-11-07,2023-11-06,0.5279,0.02,BUY,False,0,1
2023-11-08,2023-11-07,0.5342,0.02,BUY,True,1,1
2023-11-09,2023-11-08,0.5534,0.02,BUY,True,1,1
2023-11-10,2023-11-09,0.5494,0.02,BUY,True,1,1
2023-11-13,2023-11-10,0.5568,0.02,BUY,True,1,1
2023-11-14,2023-11-13,0.556,0.02,BUY,True,1,1
2023-11-15,2023-11-14,0.5473,0.02,BUY,True,1,1
2023-11-16,2023-11-15,0.5515,0.02,BUY,True,1,1
2023-11-17,2023-11-16,0.5532,0.02,BUY,False,0,1
2023-11-20,2023-11-17,0.5619,0.02,BUY,False,0,1
2023-11-21,2023-11-20,0.5705,0.02,BUY,True,1,1
2023-11-22,2023-11-21,0.5632,0.02,BUY,True,1,1
2023-11-23,2023-11-22,0.5665,0.02,BUY,True,1,1
2023-11-24,2023-11-23,0.5695,0.02,BUY,False,0,1
2023-11-27,2023-11-24,0.5858,0.02,BUY,False,0,1
2023-11-28,2023-11-27,0.5729,0.02,BUY,False,0,1
2023-11-29,2023-11-28,0.5684,0.02,BUY,False,0,1
2023-11-30,2023-11-29,0.5752,0.02,BUY,False,0,1
2023-12-01,2023-11-30,0.585,0.02,BUY,False,0,1
2023-12-04,2023-12-01,0.5789,0.02,BUY,False,0,1
2023-12-05,2023-12-04,0.5751,0.02,BUY,False,0,1
2023-12-06,2023-12-05,0.5636,0.02,BUY,True,1,1
2023-12-07,2023-12-06,0.5792,0.02,BUY,True,1,1
2023-12-08,2023-12-07,0.5772,0.02,BUY,True,1,1
2023-12-11,2023-12-08,0.5666,0.02,BUY,True,1,1
2023-12-12,2023-12-11,0.559,0.02,BUY,True,1,1
2023-12-13,2023-12-12,0.5455,0.02,BUY,True,1,1
2023-12-14,2023-12-13,0.5422,0.02,BUY,False,0,1
2023-12-15,2023-12-14,0.5326,0.02,BUY,True,1,1
2023-12-18,2023-12-15,0.5425,0.02,BUY,True,1,1
2023-12-19,2023-12-18,0.5409,0.02,BUY,True,1,1
2023-12-20,2023-12-19,0.5329,0.02,BUY,True,1,1
2023-12-21,2023-12-20,0.5364,0.02,BUY,True,1,1
2023-12-22,2023-12-21,0.5249,0.02,BUY,True,1,1
2023-12-25,2023-12-22,0.5199,0.02,HOLD,,1,-1
2023-12-26,2023-12-25,0.51,0.02,HOLD,,0,-1
2023-12-27,2023-12-26,0.5029,0.02,HOLD,,0,-1
2023-12-28,2023-12-27,0.507,0.02,HOLD,,0,-1
2023-12-29,2023-12-28,0.5061,0.02,HOLD,,0,-1
2024-01-02,2023-12-29,0.4921,0.025,HOLD,,1,-1
2024-01-03,2024-01-02,0.4956,0.025,HOLD,,1,-1
2024-01-04,2024-01-03,0.4939,0.025,HOLD,,1,-1
2024-01-05,2024-01-04,0.4939,0.025,HOLD,,1,-1
2024-01-08,2024-01-05,0.4952,0.025,HOLD,,1,-1
2024-01-09,2024-01-08,0.504,0.025,HOLD,,1,-1
2024-01-10,2024-01-09,0.508,0.025,HOLD,,0,-1
2024-01-11,2024-01-10,0.5078,0.025,HOLD,,0,-1
2024-01-12,2024-01-11,0.5101,0.025,HOLD,,0,-1
2024-01-15,2024-01-12,0.5105,0.025,HOLD,,0,-1
2024-01-16,2024-01-15,0.515,0.025,HOLD,,1,-1
2024-01-17,2024-01-16,0.512,0.025,HOLD,,0,-1
2024-01-18,2024-01-17,0.5079,0.025,HOLD,,1,-1
2024-01-19,2024-01-18,0.5079,0.025,HOLD,,0,-1
2024-01-22,2024-01-19,0.5042,0.025,HOLD,,0,-1
2024-01-23,2024-01-22,0.4995,0.025,HOLD,,0,-1
2024-01-24,2024-01-23,0.5045,0.025,HOLD,,0,-1
2024-01-25,2024-01-24,0.5076,0.025,HOLD,,0,-1
2024-01-26,2024-01-25,0.5042,0.025,HOLD,,1,-1
2024-01-29,2024-01-26,0.5015,0.025,HOLD,,0,-1
2024-01-30,2024-01-29,0.5002,0.025,HOLD,,0,-1
2024-01-31,2024-01-30,0.4965,0.025,HOLD,,0,-1
2024-02-01,2024-01-31,0.4635,0.025,SELL,True,0,0
2024-02-02,2024-02-01,0.4686,0.025,SELL,True,0,0
2024-02-05,2024-02-02,0.4707,0.025,SELL,False,1,0
2024-02-06,2024-02-05,0.4718,0.025,SELL,False,1,0
2024-02-07,2024-02-06,0.4793,0.025,HOLD,,0,-1
2024-02-08,2024-02-07,0.4844,0.025,HOLD,,0,-1
2024-02-09,2024-02-08,0.4952,0.025,HOLD,,0,-1
2024-02-12,2024-02-09,0.4942,0.025,HOLD,,1,-1
2024-02-13,2024-02-12,0.5001,0.025,HOLD,,1,-1
2024-02-14,2024-02-13,0.4964,0.025,HOLD,,1,-1
2024-02-15,2024-02-14,0.4978,0.025,HOLD,,1,-1
2024-02-16,2024-02-15,0.4919,0.025,HOLD,,1,-1
2024-02-19,2024-02-16,0.4972,0.025,HOLD,,1,-1
2024-02-20,2024-02-19,0.4979,0.025,HOLD,,1,-1
2024-02-21,2024-02-20,0.4924,0.025,HOLD,,1,-1
2024-02-22,2024-02-21,0.5051,0.025,HOLD,,1,-1
2024-02-23,2024-02-22,0.5031,0.025,HOLD,,0,-1
2024-02-26,2024-02-23,0.5031,0.025,HOLD,,0,-1
2024-02-27,2024-02-26,0.4939,0.025,HOLD,,1,-1
2024-02-28,2024-02-27,0.4996,0.025,HOLD,,1,-1
2024-02-29,2024-02-28,0.5077,0.025,HOLD,,1,-1
2024-03-01,2024-02-29,0.5129,0.025,HOLD,,1,-1
2024-03-04,2024-03-01,0.5161,0.025,HOLD,,1,-1
2024-03-05,2024-03-04,0.5149,0.025,HOLD,,1,-1
2024-03-06,2024-03-05,0.5113,0.025,HOLD,,1,-1
2024-03-07,2024-03-06,0.5131,0.025,HOLD,,1,-1
2024-03-08,2024-03-07,0.5236,0.025,HOLD,,0,-1
2024-03-11,2024-03-08,0.5178,0.025,HOLD,,0,-1
2024-03-12,2024-03-11,0.5169,0.025,HOLD,,0,-1
2024-03-13,2024-03-12,0.5253,0.025,BUY,False,0,1
2024-03-14,2024-03-13,0.5207,0.025,HOLD,,1,-1
2024-03-15,2024-03-14,0.5195,0.025,HOLD,,0,-1
2024-03-18,2024-03-15,0.5174,0.025,HOLD,,0,-1
2024-03-19,2024-03-18,0.5171,0.025,HOLD,,0,-1
2024-03-20,2024-03-19,0.5251,0.025,BUY,False,0,1
2024-03-21,2024-03-20,0.5343,0.025,BUY,False,0,1
2024-03-22,2024-03-21,0.5365,0.025,BUY,False,0,1
2024-03-25,2024-03-22,0.5348,0.025,BUY,False,0,1
2024-03-26,2024-03-25,0.5292,0.025,BUY,False,0,1
2024-03-27,2024-03-26,0.5221,0.025,HOLD,,0,-1
2024-03-28,2024-03-27,0.5301,0.025,BUY,True,1,1
2024-03-29,2024-03-28,0.5249,0.025,HOLD,,1,-1
2024-04-01,2024-03-29,0.5322,0.025,BUY,True,1,1
2024-04-02,2024-04-01,0.5345,0.025,BUY,True,1,1
2024-04-03,2024-04-02,0.5322,0.025,BUY,True,1,1
2024-04-04,2024-04-03,0.5332,0.025,BUY,False,0,1
2024-04-05,2024-04-04,0.5316,0.025,BUY,False,0,1
2024-04-08,2024-04-05,0.5367,0.025,BUY,False,0,1
2024-04-09,2024-04-08,0.5326,0.025,BUY,False,0,1
2024-04-10,2024-04-09,0.5296,0.025,BUY,False,0,1
2024-04-11,2024-04-10,0.5326,0.025,BUY,False,0,1
2024-04-12,2024-04-11,0.5315,0.025,BUY,True,1,1
2024-04-15,2024-04-12,0.5206,0.025,HOLD,,1,-1
2024-04-16,2024-04-15,0.5182,0.025,HOLD,,1,-1
2024-04-17,2024-04-16,0.5126,0.025,HOLD,,1,-1
2024-04-18,2024-04-17,0.5007,0.025,HOLD,,1,-1
2024-04-19,2024-04-18,0.4871,0.025,HOLD,,1,-1
2024-04-22,2024-04-19,0.4874,0.025,HOLD,,1,-1
2024-04-23,2024-04-22,0.4871,0.025,HOLD,,1,-1
2024-04-24,2024-04-23,0.4865,0.025,HOLD,,0,-1
2024-04-25,2024-04-24,0.4886,0.025,HOLD,,0,-1
2024-04-26,2024-04-25,0.4821,0.025,HOLD,,1,-1
2024-04-29,2024-04-26,0.4835,0.025,HOLD,,1,-1
2024-04-30,2024-04-29,0.4863,0.025,HOLD,,1,-1
2024-05-01,2024-04-30,0.4839,0.025,HOLD,,1,-1
2024-05-02,2024-05-01,0.4915,0.025,HOLD,,1,-1
2024-05-03,2024-05-02,0.4919,0.025,HOLD,,1,-1
2024-05-06,2024-05-03,0.493,0.025,HOLD,,1,-1
2024-05-07,2024-05-06,0.4821,0.025,HOLD,,1,-1
2024-05-08,2024-05-07,0.4888,0.025,HOLD,,1,-1
2024-05-09,2024-05-08,0.4937,0.025,HOLD,,1,-1
2024-05-10,2024-05-09,0.487,0.025,HOLD,,1,-1
2024-05-13,2024-05-10,0.488,0.025,HOLD,,1,-1
2024-05-14,2024-05-13,0.4907,0.025,HOLD,,1,-1
2024-05-15,2024-05-14,0.4822,0.025,HOLD,,0,-1
2024-05-16,2024-05-15,0.4842,0.025,HOLD,,0,-1
2024-05-17,2024-05-16,0.4952,0.025,HOLD,,0,-1
2024-05-20,2024-05-17,0.5049,0.025,HOLD,,0,-1
2024-05-21,2024-05-20,0.5076,0.025,HOLD,,1,-1
2024-05-22,2024-05-21,0.5223,0.025,HOLD,,1,-1
2024-05-23,2024-05-22,0.5292,0.025,BUY,False,0,1
2024-05-24,2024-05-23,0.5239,0.025,HOLD,,0,-1
2024-05-27,2024-05-24,0.5231,0.025,HOLD,,0,-1
2024-05-28,2024-05-27,0.5304,0.025,BUY,True,1,1
2024-05-29,2024-05-28,0.5141,0.025,HOLD,,1,-1
2024-05-30,2024-05-29,0.51,0.025,HOLD,,1,-1
2024-05-31,2024-05-30,0.5032,0.025,HOLD,,1,-1
2024-06-03,2024-05-31,0.5026,0.025,HOLD,,0,-1
2024-06-04,2024-06-03,0.501,0.025,HOLD,,0,-1
2024-06-05,2024-06-04,0.5057,0.025,HOLD,,0,-1
2024-06-06,2024-06-05,0.5063,0.025,HOLD,,0,-1
2024-06-07,2024-06-06,0.5077,0.025,HOLD,,0,-1
2024-06-10,2024-06-07,0.5027,0.025,HOLD,,0,-1
2024-06-11,2024-06-10,0.5016,0.025,HOLD,,0,-1
2024-06-12,2024-06-11,0.498,0.025,HOLD,,0,-1
2024-06-13,2024-06-12,0.5044,0.025,HOLD,,1,-1
2024-06-14,2024-06-13,0.4989,0.025,HOLD,,0,-1
2024-06-17,2024-06-14,0.4949,0.025,HOLD,,0,-1
2024-06-18,2024-06-17,0.4926,0.025,HOLD,,0,-1
2024-06-19,2024-06-18,0.4918,0.025,HOLD,,0,-1
2024-06-20,2024-06-19,0.4883,0.025,HOLD,,0,-1
2024-06-21,2024-06-20,0.4831,0.025,HOLD,,1,-1
2024-06-24,2024-06-21,0.4786,0.025,HOLD,,0,-1
2024-06-25,2024-06-24,0.4729,0.025,SELL,False,1,0
2024-06-26,2024-06-25,0.4778,0.025,HOLD,,1,-1
2024-06-27,2024-06-26,0.4851,0.025,HOLD,,1,-1
2024-06-28,2024-06-27,0.488,0.025,HOLD,,1,-1
2024-07-01,2024-06-28,0.4976,0.025,HOLD,,1,-1
2024-07-02,2024-07-01,0.4938,0.025,HOLD,,1,-1
2024-07-03,2024-07-02,0.4824,0.025,HOLD,,1,-1
2024-07-04,2024-07-03,0.4988,0.025,HOLD,,1,-1
2024-07-05,2024-07-04,0.5015,0.025,HOLD,,1,-1
2024-07-08,2024-07-05,0.5061,0.025,HOLD,,1,-1
2024-07-09,2024-07-08,0.5073,0.025,HOLD,,1,-1
2024-07-10,2024-07-09,0.4996,0.025,HOLD,,1,-1
2024-07-11,2024-07-10,0.4979,0.025,HOLD,,1,-1
2024-07-12,2024-07-11,0.4972,0.025,HOLD,,0,-1
2024-07-15,2024-07-12,0.4998,0.025,HOLD,,0,-1
2024-07-16,2024-07-15,0.5063,0.025,HOLD,,0,-1
2024-07-17,2024-07-16,0.5118,0.025,HOLD,,0,-1
2024-07-18,2024-07-17,0.5122,0.025,HOLD,,0,-1
2024-07-19,2024-07-18,0.5157,0.025,HOLD,,0,-1
2024-07-22,2024-07-19,0.5147,0.025,HOLD,,0,-1
2024-07-23,2024-07-22,0.5223,0.025,HOLD,,0,-1
2024-07-24,2024-07-23,0.518,0.025,HOLD,,0,-1
2024-07-25,2024-07-24,0.5168,0.025,HOLD,,0,-1
2024-07-26,2024-07-25,0.5078,0.025,HOLD,,0,-1
2024-07-29,2024-07-26,0.5148,0.025,HOLD,,1,-1
2024-07-30,2024-07-29,0.5188,0.025,HOLD,,1,-1
2024-07-31,2024-07-30,0.5162,0.025,HOLD,,1,-1
2024-08-01,2024-07-31,0.5113,0.025,HOLD,,1,-1
2024-08-02,2024-08-01,0.5125,0.025,HOLD,,1,-1
2024-08-05,2024-08-02,0.5151,0.025,HOLD,,0,-1
2024-08-06,2024-08-05,0.5147,0.025,HOLD,,1,-1
2024-08-07,2024-08-06,0.5116,0.025,HOLD,,1,-1
2024-08-08,2024-08-07,0.4922,0.025,HOLD,,1,-1
2024-08-09,2024-08-08,0.5031,0.025,HOLD,,1,-1
2024-08-12,2024-08-09,0.493,0.025,HOLD,,1,-1
2024-08-13,2024-08-12,0.495,0.025,HOLD,,1,-1
2024-08-14,2024-08-13,0.5014,0.025,HOLD,,1,-1
2024-08-15,2024-08-14,0.5019,0.025,HOLD,,1,-1
2024-08-16,2024-08-15,0.4995,0.025,HOLD,,1,-1
2024-08-19,2024-08-16,0.5047,0.025,HOLD,,1,-1
2024-08-20,2024-08-19,0.5012,0.025,HOLD,,1,-1
2024-08-21,2024-08-20,0.5092,0.025,HOLD,,1,-1
2024-08-22,2024-08-21,0.508,0.025,HOLD,,1,-1
2024-08-23,2024-08-22,0.5103,0.025,HOLD,,0,-1
2024-08-26,2024-08-23,0.511,0.025,HOLD,,0,-1
2024-08-27,2024-08-26,0.5168,0.025,HOLD,,0,-1
2024-08-28,2024-08-27,0.5188,0.025,HOLD,,0,-1
2024-08-29,2024-08-28,0.5215,0.025,HOLD,,1,-1
2024-08-30,2024-08-29,0.5301,0.025,BUY,True,1,1
2024-09-02,2024-08-30,0.5398,0.025,BUY,True,1,1
2024-09-03,2024-09-02,0.5388,0.025,BUY,False,0,1
2024-09-04,2024-09-03,0.5386,0.025,BUY,False,0,1
2024-09-05,2024-09-04,0.544,0.025,BUY,False,0,1
2024-09-06,2024-09-05,0.552,0.025,BUY,False,0,1
2024-09-09,2024-09-06,0.5519,0.025,BUY,True,1,1
2024-09-10,2024-09-09,0.5493,0.025,BUY,True,1,1
2024-09-11,2024-09-10,0.547,0.025,BUY,True,1,1
2024-09-12,2024-09-11,0.5398,0.025,BUY,True,1,1
2024-09-13,2024-09-12,0.534,0.025,BUY,True,1,1
2024-09-16,2024-09-13,0.5309,0.025,BUY,True,1,1
2024-09-17,2024-09-16,0.5275,0.025,BUY,False,0,1
2024-09-18,2024-09-17,0.5238,0.025,HOLD,,1,-1
2024-09-19,2024-09-18,0.5181,0.025,HOLD,,0,-1
2024-09-20,2024-09-19,0.5147,0.025,HOLD,,1,-1
2024-09-23,2024-09-20,0.5094,0.025,HOLD,,1,-1
2024-09-24,2024-09-23,0.5048,0.025,HOLD,,0,-1
2024-09-25,2024-09-24,0.4983,0.025,HOLD,,0,-1
2024-09-26,2024-09-25,0.4901,0.025,HOLD,,0,-1
2024-09-27,2024-09-26,0.4873,0.025,HOLD,,0,-1
2024-09-30,2024-09-27,0.4855,0.025,HOLD,,0,-1
2024-10-01,2024-09-30,0.4837,0.025,HOLD,,0,-1
2024-10-02,2024-10-01,0.4796,0.025,HOLD,,0,-1
2024-10-03,2024-10-02,0.4769,0.025,HOLD,,0,-1
2024-10-04,2024-10-03,0.4766,0.025,HOLD,,0,-1
2024-10-07,2024-10-04,0.4822,0.025,HOLD,,0,-1
2024-10-08,2024-10-07,0.4857,0.025,HOLD,,0,-1
2024-10-09,2024-10-08,0.476,0.025,HOLD,,0,-1
2024-10-10,2024-10-09,0.4792,0.025,HOLD,,0,-1
2024-10-11,2024-10-10,0.4763,0.025,HOLD,,0,-1
2024-10-14,2024-10-11,0.4719,0.025,SELL,True,0,0
2024-10-15,2024-10-14,0.4753,0.025,HOLD,,0,-1
2024-10-16,2024-10-15,0.476,0.025,HOLD,,0,-1
2024-10-17,2024-10-16,0.4779,0.025,HOLD,,0,-1
2024-10-18,2024-10-17,0.4865,0.025,HOLD,,0,-1
2024-10-21,2024-10-18,0.4785,0.025,HOLD,,0,-1
2024-10-22,2024-10-21,0.4796,0.025,HOLD,,1,-1
2024-10-23,2024-10-22,0.4725,0.025,SELL,False,1,0
2024-10-24,2024-10-23,0.4736,0.025,SELL,False,1,0
2024-10-25,2024-10-24,0.4799,0.025,HOLD,,1,-1
2024-10-28,2024-10-25,0.4794,0.025,HOLD,,1,-1
2024-10-29,2024-10-28,0.47,0.025,SELL,False,1,0
2024-10-30,2024-10-29,0.4678,0.025,SELL,False,1,0
2024-10-31,2024-10-30,0.4629,0.025,SELL,True,0,0
2024-11-01,2024-10-31,0.4622,0.025,SELL,True,0,0
2024-11-04,2024-11-01,0.4659,0.025,SELL,True,0,0
2024-11-05,2024-11-04,0.4653,0.025,SELL,True,0,0
2024-11-06,2024-11-05,0.4692,0.025,SELL,True,0,0
2024-11-07,2024-11-06,0.4744,0.025,SELL,True,0,0
2024-11-08,2024-11-07,0.4788,0.025,HOLD,,0,-1
2024-11-11,2024-11-08,0.4783,0.025,HOLD,,0,-1
2024-11-12,2024-11-11,0.4771,0.025,HOLD,,0,-1
2024-11-13,2024-11-12,0.4824,0.025,HOLD,,1,-1
2024-11-14,2024-11-13,0.4813,0.025,HOLD,,1,-1
2024-11-15,2024-11-14,0.4787,0.025,HOLD,,0,-1
2024-11-18,2024-11-15,0.48,0.025,HOLD,,0,-1
2024-11-19,2024-11-18,0.4725,0.025,SELL,True,0,0
2024-11-20,2024-11-19,0.4677,0.025,SELL,True,0,0
2024-11-21,2024-11-20,0.4721,0.025,SELL,False,1,0
2024-11-22,2024-11-21,0.4714,0.025,SELL,False,1,0
2024-11-25,2024-11-22,0.476,0.025,HOLD,,1,-1
2024-11-26,2024-11-25,0.4698,0.025,SELL,False,1,0
2024-11-27,2024-11-26,0.4677,0.025,SELL,True,0,0
2024-11-28,2024-11-27,0.475,0.025,HOLD,,0,-1
2024-11-29,2024-11-28,0.4747,0.025,SELL,False,1,0
2024-12-02,2024-11-29,0.471,0.025,SELL,False,1,0
2024-12-03,2024-12-02,0.4678,0.025,SELL,False,1,0
2024-12-04,2024-12-03,0.47,0.025,SELL,False,1,0
2024-12-05,2024-12-04,0.4665,0.025,SELL,True,0,0
2024-12-06,2024-12-05,0.4639,0.025,SELL,True,0,0
2024-12-09,2024-12-06,0.4601,0.025,SELL,True,0,0
2024-12-10,2024-12-09,0.4597,0.025,SELL,True,0,0
2024-12-11,2024-12-10,0.465,0.025,SELL,True,0,0
2024-12-12,2024-12-11,0.4586,0.025,SELL,True,0,0
2024-12-13,2024-12-12,0.4677,0.025,SELL,True,0,0
2024-12-16,2024-12-13,0.4675,0.025,SELL,True,0,0
2024-12-17,2024-12-16,0.4629,0.025,SELL,True,0,0
2024-12-18,2024-12-17,0.4661,0.025,SELL,False,1,0
2024-12-19,2024-12-18,0.4713,0.025,SELL,False,1,0
2024-12-20,2024-12-19,0.4751,0.025,HOLD,,0,-1
2024-12-23,2024-12-20,0.479,0.025,HOLD,,1,-1
2024-12-24,2024-12-23,0.4814,0.025,HOLD,,1,-1
2024-12-25,2024-12-24,0.4753,0.025,HOLD,,0,-1
2024-12-26,2024-12-25,0.4708,0.025,SELL,True,0,0
2024-12-27,2024-12-26,0.4692,0.025,SELL,True,0,0
2024-12-30,2024-12-27,0.4772,0.025,HOLD,,0,-1
2024-12-31,2024-12-30,0.4861,0.025,HOLD,,0,-1
2025-01-02,2024-12-31,0.5185,0.08,HOLD,,1,-1
2025-01-03,2025-01-02,0.5242,0.08,HOLD,,0,-1
2025-01-06,2025-01-03,0.5117,0.08,HOLD,,0,-1
2025-01-07,2025-01-06,0.4621,0.08,HOLD,,0,-1
2025-01-08,2025-01-07,0.4931,0.08,HOLD,,0,-1
2025-01-09,2025-01-08,0.4953,0.08,HOLD,,0,-1
2025-01-10,2025-01-09,0.4858,0.08,HOLD,,1,-1
2025-01-13,2025-01-10,0.5033,0.08,HOLD,,1,-1
2025-01-14,2025-01-13,0.4805,0.08,HOLD,,1,-1
2025-01-15,2025-01-14,0.4931,0.08,HOLD,,1,-1
2025-01-16,2025-01-15,0.4963,0.08,HOLD,,1,-1
2025-01-17,2025-01-16,0.4983,0.08,HOLD,,1,-1
2025-01-20,2025-01-17,0.5062,0.08,HOLD,,1,-1
2025-01-21,2025-01-20,0.5191,0.08,HOLD,,1,-1
2025-01-22,2025-01-21,0.5082,0.08,HOLD,,1,-1
2025-01-23,2025-01-22,0.5018,0.08,HOLD,,1,-1
2025-01-24,2025-01-23,0.5069,0.08,HOLD,,0,-1
2025-01-27,2025-01-24,0.5139,0.08,HOLD,,0,-1
2025-01-28,2025-01-27,0.5388,0.08,HOLD,,0,-1
2025-01-29,2025-01-28,0.5313,0.08,HOLD,,0,-1
2025-01-30,2025-01-29,0.5152,0.08,HOLD,,1,-1
2025-01-31,2025-01-30,0.504,0.08,HOLD,,1,-1
2025-02-03,2025-01-31,0.4708,0.08,HOLD,,0,-1
2025-02-04,2025-02-03,0.471,0.08,HOLD,,0,-1
2025-02-05,2025-02-04,0.4968,0.08,HOLD,,0,-1
2025-02-06,2025-02-05,0.5117,0.08,HOLD,,0,-1
2025-02-07,2025-02-06,0.5118,0.08,HOLD,,1,-1
2025-02-10,2025-02-07,0.5321,0.08,HOLD,,1,-1
2025-02-11,2025-02-10,0.5152,0.08,HOLD,,1,-1
2025-02-12,2025-02-11,0.5451,0.08,HOLD,,1,-1
2025-02-13,2025-02-12,0.5329,0.08,HOLD,,0,-1
2025-02-14,2025-02-13,0.5366,0.08,HOLD,,1,-1
2025-02-17,2025-02-14,0.517,0.08,HOLD,,0,-1
2025-02-18,2025-02-17,0.5371,0.08,HOLD,,1,-1
2025-02-19,2025-02-18,0.5551,0.08,HOLD,,1,-1
2025-02-20,2025-02-19,0.5515,0.08,HOLD,,0,-1
2025-02-21,2025-02-20,0.5425,0.08,HOLD,,0,-1
2025-02-24,2025-02-21,0.5597,0.08,HOLD,,0,-1
2025-02-25,2025-02-24,0.5489,0.08,HOLD,,0,-1
2025-02-26,2025-02-25,0.5543,0.08,HOLD,,1,-1
2025-02-27,2025-02-26,0.5745,0.08,HOLD,,1,-1
2025-02-28,2025-02-27,0.5549,0.08,HOLD,,1,-1
2025-03-03,2025-02-28,0.5559,0.08,HOLD,,1,-1
2025-03-04,2025-03-03,0.5588,0.08,HOLD,,1,-1
2025-03-05,2025-03-04,0.5705,0.08,HOLD,,1,-1
2025-03-06,2025-03-05,0.5485,0.08,HOLD,,1,-1
2025-03-07,2025-03-06,0.5391,0.08,HOLD,,1,-1
2025-03-10,2025-03-07,0.5368,0.08,HOLD,,1,-1
2025-03-11,2025-03-10,0.5527,0.08,HOLD,,1,-1
2025-03-12,2025-03-11,0.575,0.08,HOLD,,1,-1
2025-03-13,2025-03-12,0.5082,0.08,HOLD,,1,-1
2025-03-14,2025-03-13,0.4951,0.08,HOLD,,0,-1
2025-03-17,2025-03-14,0.4898,0.08,HOLD,,0,-1
2025-03-18,2025-03-17,0.5165,0.08,HOLD,,0,-1
2025-03-19,2025-03-18,0.5092,0.08,HOLD,,0,-1
2025-03-20,2025-03-19,0.5084,0.08,HOLD,,0,-1
2025-03-21,2025-03-20,0.5739,0.08,HOLD,,0,-1
2025-03-24,2025-03-21,0.5868,0.08,BUY,True,1,1
2025-03-25,2025-03-24,0.5767,0.08,HOLD,,1,-1
2025-03-26,2025-03-25,0.5731,0.08,HOLD,,1,-1
2025-03-27,2025-03-26,0.5978,0.08,BUY,True,1,1
2025-03-28,2025-03-27,0.6385,0.08,BUY,True,1,1
2025-03-31,2025-03-28,0.661,0.08,BUY,True,1,1
2025-04-01,2025-03-31,0.6559,0.08,BUY,True,1,1
2025-04-02,2025-04-01,0.67,0.08,BUY,True,1,1
2025-04-03,2025-04-02,0.6563,0.08,BUY,False,0,1
2025-04-04,2025-04-03,0.6501,0.08,BUY,True,1,1
2025-04-07,2025-04-04,0.628,0.08,BUY,True,1,1
2025-04-08,2025-04-07,0.6554,0.08,BUY,True,1,1
2025-04-09,2025-04-08,0.6482,0.08,BUY,True,1,1
2025-04-10,2025-04-09,0.6469,0.08,BUY,True,1,1
2025-04-11,2025-04-10,0.608,0.08,BUY,True,1,1
2025-04-14,2025-04-11,0.5636,0.08,HOLD,,1,-1
2025-04-15,2025-04-14,0.5028,0.08,HOLD,,1,-1
2025-04-16,2025-04-15,0.4746,0.08,HOLD,,1,-1
2025-04-17,2025-04-16,0.4579,0.08,HOLD,,0,-1
2025-04-18,2025-04-17,0.4335,0.08,HOLD,,0,-1
2025-04-21,2025-04-18,0.4336,0.08,HOLD,,0,-1
2025-04-22,2025-04-21,0.4301,0.08,HOLD,,0,-1
2025-04-23,2025-04-22,0.4172,0.08,SELL,False,1,0
2025-04-24,2025-04-23,0.4381,0.08,HOLD,,0,-1
2025-04-25,2025-04-24,0.4628,0.08,HOLD,,0,-1
2025-04-28,2025-04-25,0.4724,0.08,HOLD,,0,-1
2025-04-29,2025-04-28,0.4769,0.08,HOLD,,0,-1
2025-04-30,2025-04-29,0.5295,0.08,HOLD,,1,-1
2025-05-01,2025-04-30,0.5544,0.08,HOLD,,1,-1
2025-05-02,2025-05-01,0.5609,0.08,HOLD,,0,-1
2025-05-05,2025-05-02,0.5763,0.08,HOLD,,0,-1
2025-05-06,2025-05-05,0.5908,0.08,BUY,False,0,1
2025-05-07,2025-05-06,0.6446,0.08,BUY,False,0,1
2025-05-08,2025-05-07,0.6445,0.08,BUY,False,0,1
2025-05-09,2025-05-08,0.6477,0.08,BUY,False,0,1
2025-05-12,2025-05-09,0.7041,0.08,BUY,True,1,1
2025-05-13,2025-05-12,0.7107,0.08,BUY,True,1,1
2025-05-14,2025-05-13,0.7344,0.08,BUY,True,1,1
2025-05-15,2025-05-14,0.7059,0.08,BUY,True,1,1
2025-05-16,2025-05-15,0.7115,0.08,BUY,True,1,1
2025-05-19,2025-05-16,0.6658,0.08,BUY,True,1,1
2025-05-20,2025-05-19,0.629,0.08,BUY,True,1,1
2025-05-21,2025-05-20,0.5362,0.08,HOLD,,1,-1
2025-05-22,2025-05-21,0.5009,0.08,HOLD,,1,-1
2025-05-23,2025-05-22,0.5227,0.08,HOLD,,1,-1
2025-05-26,2025-05-23,0.4946,0.08,HOLD,,0,-1
2025-05-27,2025-05-26,0.4744,0.08,HOLD,,1,-1
2025-05-28,2025-05-27,0.4757,0.08,HOLD,,1,-1
2025-05-29,2025-05-28,0.4792,0.08,HOLD,,1,-1
2025-05-30,2025-05-29,0.5011,0.08,HOLD,,1,-1
2025-06-02,2025-05-30,0.4916,0.08,HOLD,,0,-1
2025-06-03,2025-06-02,0.4996,0.08,HOLD,,1,-1
2025-06-04,2025-06-03,0.5047,0.08,HOLD,,1,-1
2025-06-05,2025-06-04,0.5102,0.08,HOLD,,1,-1
2025-06-06,2025-06-05,0.5107,0.08,HOLD,,1,-1
2025-06-09,2025-06-06,0.4962,0.08,HOLD,,1,-1
2025-06-10,2025-06-09,0.5229,0.08,HOLD,,1,-1
2025-06-11,2025-06-10,0.503,0.08,HOLD,,0,-1
2025-06-12,2025-06-11,0.5048,0.08,HOLD,,0,-1
2025-06-13,2025-06-12,0.5157,0.08,HOLD,,0,-1
2025-06-16,2025-06-13,0.5186,0.08,HOLD,,0,-1
2025-06-17,2025-06-16,0.4938,0.08,HOLD,,1,-1
2025-06-18,2025-06-17,0.5433,0.08,HOLD,,1,-1
2025-06-19,2025-06-18,0.5053,0.08,HOLD,,1,-1
2025-06-20,2025-06-19,0.5301,0.08,HOLD,,1,-1
2025-06-23,2025-06-20,0.5017,0.08,HOLD,,1,-1
2025-06-24,2025-06-23,0.4956,0.08,HOLD,,1,-1
2025-06-25,2025-06-24,0.5104,0.08,HOLD,,1,-1
2025-06-26,2025-06-25,0.4875,0.08,HOLD,,1,-1
2025-06-27,2025-06-26,0.4906,0.08,HOLD,,1,-1
2025-06-30,2025-06-27,0.5024,0.08,HOLD,,0,-1
2025-07-01,2025-06-30,0.4935,0.08,HOLD,,0,-1
2025-07-02,2025-07-01,0.4505,0.08,HOLD,,0,-1
2025-07-03,2025-07-02,0.4844,0.08,HOLD,,0,-1
2025-07-04,2025-07-03,0.5137,0.08,HOLD,,0,-1
2025-07-07,2025-07-04,0.5599,0.08,HOLD,,0,-1
2025-07-08,2025-07-07,0.5433,0.08,HOLD,,0,-1
2025-07-09,2025-07-08,0.5494,0.08,HOLD,,0,-1
2025-07-10,2025-07-09,0.5434,0.08,HOLD,,0,-1
2025-07-11,2025-07-10,0.5687,0.08,HOLD,,0,-1
2025-07-14,2025-07-11,0.5953,0.08,BUY,False,0,1
2025-07-15,2025-07-14,0.5884,0.08,BUY,True,1,1
2025-07-16,2025-07-15,0.5734,0.08,HOLD,,1,-1
2025-07-17,2025-07-16,0.5971,0.08,BUY,True,1,1
2025-07-18,2025-07-17,0.5881,0.08,BUY,True,1,1
2025-07-21,2025-07-18,0.6057,0.08,BUY,True,1,1
2025-07-22,2025-07-21,0.6024,0.08,BUY,False,0,1
2025-07-23,2025-07-22,0.5848,0.08,BUY,False,0,1
2025-07-24,2025-07-23,0.5882,0.08,BUY,False,0,1
2025-07-25,2025-07-24,0.5894,0.08,BUY,False,0,1
2025-07-28,2025-07-25,0.5482,0.08,HOLD,,1,-1
2025-07-29,2025-07-28,0.5477,0.08,HOLD,,1,-1
2025-07-30,2025-07-29,0.5768,0.08,HOLD,,1,-1
2025-07-31,2025-07-30,0.546,0.08,HOLD,,1,-1
2025-08-01,2025-07-31,0.5072,0.08,HOLD,,1,-1
2025-08-04,2025-08-01,0.5256,0.08,HOLD,,1,-1
2025-08-05,2025-08-04,0.5167,0.08,HOLD,,1,-1
2025-08-06,2025-08-05,0.5081,0.08,HOLD,,1,-1
2025-08-07,2025-08-06,0.5098,0.08,HOLD,,1,-1
2025-08-08,2025-08-07,0.4859,0.08,HOLD,,1,-1
2025-08-11,2025-08-08,0.4468,0.08,HOLD,,1,-1
2025-08-12,2025-08-11,0.4718,0.08,HOLD,,0,-1
2025-08-13,2025-08-12,0.4885,0.08,HOLD,,0,-1
2025-08-14,2025-08-13,0.5041,0.08,HOLD,,1,-1
2025-08-15,2025-08-14,0.4869,0.08,HOLD,,0,-1
2025-08-18,2025-08-15,0.4959,0.08,HOLD,,1,-1
2025-08-19,2025-08-18,0.5316,0.08,HOLD,,0,-1
2025-08-20,2025-08-19,0.5478,0.08,HOLD,,0,-1
2025-08-21,2025-08-20,0.5562,0.08,HOLD,,1,-1
2025-08-22,2025-08-21,0.5961,0.08,BUY,False,0,1
2025-08-25,2025-08-22,0.5699,0.08,HOLD,,1,-1
2025-08-26,2025-08-25,0.5723,0.08,HOLD,,1,-1
2025-08-27,2025-08-26,0.5691,0.08,HOLD,,1,-1
2025-08-28,2025-08-27,0.5568,0.08,HOLD,,0,-1
2025-08-29,2025-08-28,0.5682,0.08,HOLD,,0,-1
2025-09-01,2025-08-29,0.5627,0.08,HOLD,,1,-1
2025-09-02,2025-09-01,0.5632,0.08,HOLD,,1,-1
2025-09-03,2025-09-02,0.5621,0.08,HOLD,,1,-1
2025-09-04,2025-09-03,0.5578,0.08,HOLD,,1,-1
2025-09-05,2025-09-04,0.5633,0.08,HOLD,,1,-1
2025-09-08,2025-09-05,0.5568,0.08,HOLD,,0,-1
2025-09-09,2025-09-08,0.5838,0.08,BUY,True,1,1
2025-09-10,2025-09-09,0.5299,0.08,HOLD,,1,-1
2025-09-11,2025-09-10,0.525,0.08,HOLD,,1,-1
2025-09-12,2025-09-11,0.5036,0.08,HOLD,,1,-1
2025-09-15,2025-09-12,0.5298,0.08,HOLD,,0,-1
2025-09-16,2025-09-15,0.494,0.08,HOLD,,0,-1
2025-09-17,2025-09-16,0.4936,0.08,HOLD,,1,-1
2025-09-18,2025-09-17,0.5111,0.08,HOLD,,0,-1
2025-09-19,2025-09-18,0.4587,0.08,HOLD,,0,-1
2025-09-22,2025-09-19,0.4773,0.08,HOLD,,0,-1
2025-09-23,2025-09-22,0.4566,0.08,HOLD,,0,-1
2025-09-24,2025-09-23,0.4514,0.08,HOLD,,0,-1
2025-09-25,2025-09-24,0.4516,0.08,HOLD,,1,-1
2025-09-26,2025-09-25,0.4782,0.08,HOLD,,1,-1
2025-09-29,2025-09-26,0.4808,0.08,HOLD,,1,-1
2025-09-30,2025-09-29,0.4974,0.08,HOLD,,0,-1
2025-10-01,2025-09-30,0.4981,0.08,HOLD,,0,-1
2025-10-02,2025-10-01,0.5263,0.08,HOLD,,0,-1
2025-10-03,2025-10-02,0.4928,0.08,HOLD,,0,-1
2025-10-06,2025-10-03,0.4986,0.08,HOLD,,0,-1
2025-10-07,2025-10-06,0.4969,0.08,HOLD,,0,-1
2025-10-08,2025-10-07,0.4758,0.08,HOLD,,0,-1
2025-10-09,2025-10-08,0.5239,0.08,HOLD,,1,-1
2025-10-10,2025-10-09,0.5057,0.08,HOLD,,1,-1
2025-10-13,2025-10-10,0.4971,0.08,HOLD,,1,-1
2025-10-14,2025-10-13,0.5133,0.08,HOLD,,1,-1
2025-10-15,2025-10-14,0.4945,0.08,HOLD,,0,-1
2025-10-16,2025-10-15,0.5107,0.08,HOLD,,0,-1
2025-10-17,2025-10-16,0.5095,0.08,HOLD,,0,-1
2025-10-20,2025-10-17,0.5181,0.08,HOLD,,0,-1
2025-10-21,2025-10-20,0.4814,0.08,HOLD,,1,-1
2025-10-22,2025-10-21,0.467,0.08,HOLD,,1,-1
2025-10-23,2025-10-22,0.4836,0.08,HOLD,,0,-1
2025-10-24,2025-10-23,0.4875,0.08,HOLD,,0,-1
2025-10-27,2025-10-24,0.4915,0.08,HOLD,,0,-1
2025-10-28,2025-10-27,0.4822,0.08,HOLD,,0,-1
2025-10-29,2025-10-28,0.4685,0.08,HOLD,,0,-1
2025-10-30,2025-10-29,0.4786,0.08,HOLD,,0,-1
2025-10-31,2025-10-30,0.4738,0.08,HOLD,,1,-1
2025-11-03,2025-10-31,0.4817,0.08,HOLD,,1,-1
2025-11-04,2025-11-03,0.4752,0.08,HOLD,,1,-1
2025-11-05,2025-11-04,0.4676,0.08,HOLD,,1,-1
2025-11-06,2025-11-05,0.4892,0.08,HOLD,,1,-1
2025-11-07,2025-11-06,0.526,0.08,HOLD,,1,-1
2025-11-10,2025-11-07,0.4964,0.08,HOLD,,1,-1
2025-11-11,2025-11-10,0.4885,0.08,HOLD,,1,-1
2025-11-12,2025-11-11,0.5023,0.08,HOLD,,0,-1
2025-11-13,2025-11-12,0.4918,0.08,HOLD,,0,-1
2025-11-14,2025-11-13,0.5021,0.08,HOLD,,0,-1
2025-11-17,2025-11-14,0.523,0.08,HOLD,,0,-1
2025-11-18,2025-11-17,0.5167,0.08,HOLD,,0,-1
2025-11-19,2025-11-18,0.5052,0.08,HOLD,,1,-1
2025-11-20,2025-11-19,0.5232,0.08,HOLD,,1,-1
2025-11-21,2025-11-20,0.5028,0.08,HOLD,,1,-1
2025-11-24,2025-11-21,0.5014,0.08,HOLD,,1,-1
2025-11-25,2025-11-24,0.5158,0.08,HOLD,,1,-1
2025-11-26,2025-11-25,0.4983,0.08,HOLD,,1,-1
2025-11-27,2025-11-26,0.5099,0.08,HOLD,,1,-1
2025-11-28,2025-11-27,0.4877,0.08,HOLD,,1,-1
2025-12-01,2025-11-28,0.4506,0.08,HOLD,,1,-1
2025-12-02,2025-12-01,0.4671,0.08,HOLD,,1,-1
2025-12-03,2025-12-02,0.4461,0.08,HOLD,,0,-1
2025-12-04,2025-12-03,0.4507,0.08,HOLD,,1,-1
2025-12-05,2025-12-04,0.4563,0.08,HOLD,,1,-1
2025-12-08,2025-12-05,0.4466,0.08,HOLD,,1,-1
2025-12-09,2025-12-08,0.4313,0.08,HOLD,,1,-1
2025-12-10,2025-12-09,0.4191,0.08,SELL,False,1,0
2025-12-11,2025-12-10,0.4243,0.08,HOLD,,1,-1
2025-12-12,2025-12-11,0.4119,0.08,SELL,True,0,0
2025-12-15,2025-12-12,0.3786,0.08,SELL,True,0,0
2025-12-16,2025-12-15,0.3867,0.08,SELL,False,1,0
2025-12-17,2025-12-16,0.4035,0.08,SELL,False,1,0
2025-12-18,2025-12-17,0.4074,0.08,SELL,False,1,0
2025-12-19,2025-12-18,0.3994,0.08,SELL,False,1,0
2025-12-22,2025-12-19,0.4109,0.08,SELL,False,1,0
2025-12-23,2025-12-22,0.4306,0.08,HOLD,,0,-1
2025-12-24,2025-12-23,0.4191,0.08,SELL,True,0,0
2025-12-26,2025-12-24,0.4228,0.08,HOLD,,0,-1
2025-12-29,2025-12-26,0.4177,0.08,SELL,True,0,0
2025-12-30,2025-12-29,0.4158,0.08,SELL,True,0,0
2025-12-31,2025-12-30,0.4224,0.08,HOLD,,0,-1
2026-01-02,2025-12-31,0.3024,0.065,SELL,True,0,0
2026-01-05,2026-01-02,0.3088,0.065,SELL,True,0,0
2026-01-06,2026-01-05,0.3138,0.065,SELL,True,0,0
2026-01-07,2026-01-06,0.267,0.065,SELL,True,0,0
2026-01-08,2026-01-07,0.3364,0.065,SELL,True,0,0
2026-01-09,2026-01-08,0.2951,0.065,SELL,True,0,0
2026-01-12,2026-01-09,0.259,0.065,SELL,True,0,0
2026-01-13,2026-01-12,0.2717,0.065,SELL,False,1,0
2026-01-14,2026-01-13,0.2968,0.065,SELL,False,1,0
2026-01-15,2026-01-14,0.3132,0.065,SELL,False,1,0
2026-01-16,2026-01-15,0.3687,0.065,SELL,False,1,0
2026-01-19,2026-01-16,0.3618,0.065,SELL,False,1,0
2026-01-20,2026-01-19,0.3904,0.065,SELL,False,1,0
2026-01-21,2026-01-20,0.4084,0.065,SELL,False,1,0
2026-01-22,2026-01-21,0.4022,0.065,SELL,False,1,0
2026-01-23,2026-01-22,0.3993,0.065,SELL,False,1,0
2026-01-26,2026-01-23,0.4878,0.065,HOLD,,0,-1
2026-01-27,2026-01-26,0.4052,0.065,SELL,True,0,0
2026-01-28,2026-01-27,0.4194,0.065,SELL,True,0,0
2026-01-29,2026-01-28,0.3938,0.065,SELL,True,0,0
2026-01-30,2026-01-29,0.3511,0.065,SELL,True,0,0
2026-02-02,2026-01-30,0.4144,0.065,SELL,False,1,0
2026-02-03,2026-02-02,0.4617,0.065,HOLD,,1,-1
2026-02-04,2026-02-03,0.5084,0.065,HOLD,,1,-1
2026-02-05,2026-02-04,0.484,0.065,HOLD,,1,-1
2026-02-06,2026-02-05,0.4684,0.065,HOLD,,1,-1
2026-02-09,2026-02-06,0.4342,0.065,SELL,True,0,0
2026-02-10,2026-02-09,0.469,0.065,HOLD,,0,-1
2026-02-11,2026-02-10,0.4182,0.065,SELL,True,0,0
2026-02-12,2026-02-11,0.4373,0.065,HOLD,,0,-1
2026-02-13,2026-02-12,0.474,0.065,HOLD,,0,-1
2026-02-16,2026-02-13,0.4678,0.065,HOLD,,0,-1
2026-02-17,2026-02-16,0.4839,0.065,HOLD,,0,-1
2026-02-18,2026-02-17,0.4982,0.065,HOLD,,0,-1
2026-02-19,2026-02-18,0.5161,0.065,HOLD,,1,-1
2026-02-20,2026-02-19,0.5361,0.065,HOLD,,1,-1
2026-02-23,2026-02-20,0.519,0.065,HOLD,,1,-1
2026-02-24,2026-02-23,0.5355,0.065,HOLD,,0,-1
2026-02-25,2026-02-24,0.5239,0.065,HOLD,,0,-1
2026-02-26,2026-02-25,0.5691,0.065,BUY,False,0,1
2026-02-27,2026-02-26,0.5608,0.065,HOLD,,0,-1
2026-03-02,2026-02-27,0.5179,0.065,HOLD,,0,-1
2026-03-03,2026-03-02,0.5308,0.065,HOLD,,1,-1
2026-03-04,2026-03-03,0.5685,0.065,BUY,False,0,1
2026-03-05,2026-03-04,0.576,0.065,BUY,False,0,1
2026-03-06,2026-03-05,0.5787,0.065,BUY,False,0,1
2026-03-09,2026-03-06,0.5667,0.065,BUY,False,0,1
2026-03-10,2026-03-09,0.5823,0.065,BUY,False,0,1
2026-03-11,2026-03-10,0.5743,0.065,BUY,False,0,1
2026-03-12,2026-03-11,0.5435,0.065,HOLD,,0,-1
2026-03-13,2026-03-12,0.5361,0.065,HOLD,,1,-1
2026-03-16,2026-03-13,0.543,0.065,HOLD,,1,-1
2026-03-17,2026-03-16,0.5188,0.065,HOLD,,1,-1
2026-03-18,2026-03-17,0.5737,0.065,BUY,True,1,1
2026-03-19,2026-03-18,0.5708,0.065,BUY,False,0,1
2026-03-20,2026-03-19,0.5714,0.065,BUY,False,0,1
2026-03-23,2026-03-20,0.5487,0.065,HOLD,,0,-1
2026-03-24,2026-03-23,0.5128,0.065,HOLD,,0,-1
2026-03-25,2026-03-24,0.4835,0.065,HOLD,,0,-1
2026-03-26,2026-03-25,0.49,0.065,HOLD,,1,-1
2026-03-27,2026-03-26,0.4923,0.065,HOLD,,1,-1
2026-03-30,2026-03-27,0.5035,0.065,HOLD,,1,-1
2026-03-31,2026-03-30,0.5513,0.065,HOLD,,0,-1
2026-04-01,2026-03-31,0.5616,0.065,HOLD,,1,-1
2026-04-02,2026-04-01,0.5672,0.065,BUY,True,1,1
2026-04-03,2026-04-02,0.5688,0.065,BUY,True,1,1
2026-04-06,2026-04-03,0.5859,0.065,BUY,True,1,1
2026-04-07,2026-04-06,0.6075,0.065,BUY,True,1,1
2026-04-08,2026-04-07,0.6377,0.065,BUY,True,1,1
2026-04-09,2026-04-08,0.6256,0.065,BUY,True,1,1
2026-04-10,2026-04-09,0.5958,0.065,BUY,True,1,1
2026-04-13,2026-04-10,0.5857,0.065,BUY,True,1,1
2026-04-14,2026-04-13,0.5614,0.065,HOLD,,0,-1
2026-04-15,2026-04-14,0.5739,0.065,BUY,False,0,1
2026-04-16,2026-04-15,0.5645,0.065,HOLD,,0,-1
2026-04-17,2026-04-16,0.5604,0.065,HOLD,,0,-1
2026-04-20,2026-04-17,0.5624,0.065,HOLD,,0,-1
2026-04-21,2026-04-20,0.573,0.065,BUY,False,0,1
2026-04-22,2026-04-21,0.5655,0.065,BUY,True,1,1
2026-04-23,2026-04-22,0.532,0.065,HOLD,,0,-1
2026-04-24,2026-04-23,0.5338,0.065,HOLD,,1,-1
2026-04-27,2026-04-24,0.5694,0.065,BUY,False,0,1
2026-04-28,2026-04-27,0.5356,0.065,HOLD,,0,-1
2026-04-29,2026-04-28,0.5652,0.065,BUY,True,1,1
2026-04-30,2026-04-29,0.529,0.065,HOLD,,1,-1
2026-05-01,2026-04-30,0.5075,0.065,HOLD,,1,-1
2026-05-04,2026-05-01,0.485,0.065,HOLD,,1,-1
2026-05-05,2026-05-04,0.4729,0.065,HOLD,,1,-1
2026-05-06,2026-05-05,0.4622,0.065,HOLD,,0,-1
2026-05-07,2026-05-06,0.4664,0.065,HOLD,,0,-1
2026-05-08,2026-05-07,0.4472,0.065,HOLD,,0,-1
2026-05-11,2026-05-08,0.4293,0.065,SELL,True,0,0
2026-05-12,2026-05-11,0.3596,0.065,SELL,True,0,0
2026-05-13,2026-05-12,0.4102,0.065,SELL,True,0,0
2026-05-14,2026-05-13,0.4042,0.065,SELL,True,0,0
2026-05-15,2026-05-14,0.4028,0.065,SELL,True,0,0
2026-05-18,2026-05-15,0.3855,0.065,SELL,True,0,0
2026-05-19,2026-05-18,0.3673,0.065,SELL,False,1,0
2026-05-20,2026-05-19,0.3674,0.065,SELL,False,1,0
2026-05-21,2026-05-20,0.3512,0.065,SELL,False,1,0
2026-05-22,2026-05-21,0.3592,0.065,SELL,False,1,0
2026-05-25,2026-05-22,0.3678,0.065,SELL,False,1,0
2026-05-26,2026-05-25,0.3825,0.065,SELL,True,0,0
2026-05-27,2026-05-26,0.3882,0.065,SELL,False,1,0
