PublishTimestamp,0
2020-02-11,118
2023-10-12,118
2021-03-30,118
2020-07-09,118
2020-01-09,118
2020-07-23,117
2021-02-17,117
2021-01-29,117
2021-04-01,117
2023-10-13,116
2020-03-31,116
2021-04-15,116
2020-07-21,116
2021-01-22,116
2020-12-30,116
2020-02-28,116
2020-04-08,116
2020-08-21,116
2020-09-11,116
2020-08-31,116
2021-07-08,116
2020-04-03,116
2020-04-21,115
2021-03-22,115
2021-04-16,115
2020-04-07,115
2020-05-20,115
2020-02-17,115
2020-08-04,115
2020-09-22,115
2020-09-25,115
2020-12-24,115
2020-09-12,115
2020-05-11,115
2020-01-14,115
2021-01-26,114
2020-01-20,114
2020-09-29,114
2020-07-28,114
2020-08-10,114
2020-11-27,114
2021-01-25,114
2020-07-20,114
2020-05-27,114
2021-02-18,114
2020-06-18,114
2020-06-23,114
2020-06-19,114
2021-01-21,114
2020-06-30,114
